-- phpMyAdmin SQL Dump
-- version 4.0.10.7
-- http://www.phpmyadmin.net
--
-- Host: localhost
-- Generation Time: Nov 08, 2015 at 09:37 AM
-- Server version: 5.5.45-37.4-log
-- PHP Version: 5.4.31

SET SQL_MODE = "NO_AUTO_VALUE_ON_ZERO";
SET time_zone = "+00:00";


/*!40101 SET @OLD_CHARACTER_SET_CLIENT=@@CHARACTER_SET_CLIENT */;
/*!40101 SET @OLD_CHARACTER_SET_RESULTS=@@CHARACTER_SET_RESULTS */;
/*!40101 SET @OLD_COLLATION_CONNECTION=@@COLLATION_CONNECTION */;
/*!40101 SET NAMES utf8 */;

--
-- Database: `dscgubd8_cyclezonenew`
--

-- --------------------------------------------------------

--
-- Table structure for table `master_color`
--

CREATE TABLE IF NOT EXISTS `master_color` (
  `ColorID` int(11) NOT NULL AUTO_INCREMENT,
  `ColorName` varchar(100) DEFAULT NULL,
  `Active` int(11) DEFAULT '1',
  PRIMARY KEY (`ColorID`)
) ENGINE=MyISAM  DEFAULT CHARSET=latin1 AUTO_INCREMENT=39 ;

--
-- Dumping data for table `master_color`
--

INSERT INTO `master_color` (`ColorID`, `ColorName`, `Active`) VALUES
(1, 'BABIE PINK', 1),
(2, 'BLACK', 1),
(3, 'BLACK (M.FINISH)', 1),
(4, 'BLACK-GREEN', 1),
(5, 'BLUE', 1),
(6, 'BLUE (M.FINISH)', 1),
(7, 'BURGUNDY', 1),
(8, 'CHAINA RED', 1),
(9, 'COPPER', 1),
(10, 'CREAM-BROWN', 1),
(11, 'GREEN', 1),
(12, 'GREEN-BLACK', 1),
(13, 'GREEN-YELLOW', 1),
(14, 'GREY', 1),
(15, 'HOT RED', 1),
(16, 'MET GREY', 1),
(17, 'MULTI', 1),
(18, 'ORRANGE', 1),
(19, 'PINK', 1),
(20, 'PINK-BLUE', 1),
(21, 'PITCH', 1),
(22, 'PURPLE', 1),
(23, 'RB', 1),
(24, 'red', 1),
(25, 'S.BLUE', 1),
(26, 'S.BLUE-SILVER', 1),
(27, 'SILVER', 1),
(28, 'SILVER-BLUE', 1),
(29, 'SKY BLUE', 1),
(30, 'WHITE', 1),
(31, 'WHITE-BLUE', 1),
(32, 'WHITE-GREEN', 1),
(33, 'WHITE-RED', 1),
(34, 'YELLOW', 1),
(35, 'YELLOW-BLACK', 1),
(36, 'YELLOW-RED', 1),
(38, 'SILVER BLACK', 1);

-- --------------------------------------------------------

--
-- Table structure for table `master_company`
--

CREATE TABLE IF NOT EXISTS `master_company` (
  `CompanyID` int(11) NOT NULL AUTO_INCREMENT,
  `CompanyName` varchar(100) DEFAULT NULL,
  `Active` int(11) DEFAULT '1',
  PRIMARY KEY (`CompanyID`)
) ENGINE=InnoDB  DEFAULT CHARSET=latin1 AUTO_INCREMENT=26 ;

--
-- Dumping data for table `master_company`
--

INSERT INTO `master_company` (`CompanyID`, `CompanyName`, `Active`) VALUES
(8, 'SUNRAJ', 1),
(9, 'TI', 1),
(10, 'MONTRA', 1),
(11, 'SUNCROSS', 1),
(12, 'RALEIGH', 1),
(13, 'HAIBIKE', 1),
(14, 'MONGOOSE', 1),
(15, 'HLX NMC COSMIC', 1),
(16, 'BIANCHI', 1),
(17, 'ATLAS', 1),
(18, 'AVON', 1),
(19, 'SACHIN', 1),
(20, 'SHWIN', 1),
(22, 'GHOST', 1),
(23, 'UT', 1),
(25, 'GT', 1);

-- --------------------------------------------------------

--
-- Table structure for table `master_customer`
--

CREATE TABLE IF NOT EXISTS `master_customer` (
  `CustomerID` int(11) NOT NULL AUTO_INCREMENT,
  `FirstName` varchar(200) DEFAULT NULL,
  `MiddelName` varchar(200) DEFAULT NULL,
  `LastName` varchar(200) DEFAULT NULL,
  `BirthDate` date DEFAULT NULL,
  `Comapany` varchar(100) DEFAULT NULL,
  `Email` varchar(100) DEFAULT NULL,
  `HomeNumber` varchar(100) DEFAULT NULL,
  `OfficeNumber` varchar(100) DEFAULT NULL,
  `MobileNumber` varchar(100) DEFAULT NULL,
  `Website` varchar(100) DEFAULT NULL,
  `BillingAddress` text,
  `ShippingAddress` text,
  `BillingCity` varchar(100) DEFAULT NULL,
  `ShippingCity` varchar(100) DEFAULT NULL,
  `TypeID` int(11) DEFAULT NULL,
  `IDType` varchar(100) DEFAULT NULL,
  `IDNumber` varchar(100) DEFAULT NULL,
  `IDFile` varchar(100) DEFAULT NULL,
  `TinNumber` varchar(100) DEFAULT NULL,
  `AdditionalDetail` text,
  `AccountNumber` varchar(100) DEFAULT NULL,
  `AccountName` varchar(100) DEFAULT NULL,
  `BankName` varchar(100) DEFAULT NULL,
  `BankBranch` varchar(100) DEFAULT NULL,
  `BankCity` varchar(100) DEFAULT NULL,
  `IFSCCode` varchar(100) DEFAULT NULL,
  `Active` int(11) DEFAULT '1',
  PRIMARY KEY (`CustomerID`)
) ENGINE=InnoDB  DEFAULT CHARSET=latin1 AUTO_INCREMENT=158 ;

--
-- Dumping data for table `master_customer`
--

INSERT INTO `master_customer` (`CustomerID`, `FirstName`, `MiddelName`, `LastName`, `BirthDate`, `Comapany`, `Email`, `HomeNumber`, `OfficeNumber`, `MobileNumber`, `Website`, `BillingAddress`, `ShippingAddress`, `BillingCity`, `ShippingCity`, `TypeID`, `IDType`, `IDNumber`, `IDFile`, `TinNumber`, `AdditionalDetail`, `AccountNumber`, `AccountName`, `BankName`, `BankBranch`, `BankCity`, `IFSCCode`, `Active`) VALUES
(1, '', '', '', '0000-00-00', '', '', '', '', '', '', '', '', '', '', 0, '', '', NULL, '', '', '', '', '', '', '', '', 1),
(4, 'SHAVYA', 'RAMESHBHAI', 'UMBARADIYA', '0000-00-00', '', '', '', '', '9824523143', '', '', '', '', '', 1, '', '', NULL, '', '', '', '', '', '', '', '', 1),
(5, 'PRAVINBHAI', '', 'PAMAR', '0000-00-00', '', '', '', '', '', '', '', '', '', 'RAJKOT', 1, '', '', NULL, '', '', '', '', '', '', '', '', 1),
(6, 'UPASANA', '', 'TANK', '0000-00-00', '', '', '', '', '', '', '', 'NILKANTH 2.AMARNATH PLOT. KALAVAD ROAD. ', '', 'RAJKOT', 1, '', '', NULL, '', '', '', '', '', '', '', '', 1),
(7, 'NILESHBHAI', '', 'SACHDEV', '0000-00-00', '', '', '', '', '', '', '', '', '', 'RAJKOT', 1, '', '', NULL, '', '', '', '', '', '', '', '', 1),
(8, 'DIVYESHBHAI', '', 'AGHERA', '0000-00-00', '', '', '', '', '', '', '', '', 'RAJKOT', 'RAJKOT', 1, '', '', NULL, '', '', '', '', '', '', '', '', 1),
(9, 'PUNITBHAI ', '', 'KOTAK', '0000-00-00', '', '', '', '', '', '', '', '', 'RAJKOT', 'RAJKOT', 1, '', '', NULL, '', '', '', '', '', '', '', '', 1),
(10, 'PARTH', '', 'RANPARA', '0000-00-00', '', '', '', '', '', '', '', '', 'RAJKOT', 'RAJKOT', 1, '', '', NULL, '', '', '', '', '', '', '', '', 1),
(11, 'DR. KIRIT', '', '', '0000-00-00', '', '', '', '', '', '', '', '', 'RAJKOT', 'RAJKOT', 1, '', '', NULL, '', '', '', '', '', '', '', '', 1),
(12, 'HARI', 'RAMESHBHAI', 'CHUDASAMA', '0000-00-00', '', '', '', '', '', '', '', 'KAILASH PARK .STREET NO.4 UNI ROAD', 'RAJKOT', 'RAJKOT', 1, '', '', NULL, '', '', '', '', '', '', '', '', 1),
(13, 'BRIJESHBHAI', '', 'MAHETA', '0000-00-00', '', '', '', '', '', '', '', '', 'RAJKOT', 'RAJKOT', 1, '', '', NULL, '', '', '', '', '', '', '', '', 1),
(14, 'MITESHBHAI', 'CHANDULAL', 'SOLANKI', '1980-10-07', '', '', '', '', '', '', '', '', 'RAJKOT', 'RAJKOT', 1, '', '', NULL, '', '', '', '', '', '', '', '', 1),
(15, 'HARESHBHAI', '', 'MARVIYA', '0000-00-00', '', '', '', '', '9898282891', '', '', '101.CHANDRA PARK NEAR BIG BAJAR.', '', 'RAJKOT', 1, '', '', NULL, '', '', '', '', '', '', '', '', 1),
(16, 'RAJUBHAI', '', 'PATEL', '0000-00-00', '', '', '', '', '9925001245', '', '', '', '', 'RAJKOT', 0, '', '', NULL, '', '', '', '', '', '', '', '', 1),
(17, 'PARTH', '', 'RANPARA', '0000-00-00', '', '', '', '', '', '', '', '', '', 'RAJKOT', 1, '', '', NULL, '', '', '', '', '', '', '', '', 1),
(18, 'BHAVBHUTIBHAI', '', '', '0000-00-00', '', '', '', '', '', '', '', '', '', 'RAJKOT', 1, '', '', NULL, '', '', '', '', '', '', '', '', 1),
(19, 'DHRUV', '', 'DAVE', '0000-00-00', '', '', '', '', '', '', '', '105. MAHADEV APARTMENT.KAILASH PARK STREET NO.4', '', 'RAJKOT', 1, '', '', NULL, '', '', '', '', '', '', '', '', 1),
(20, 'ARVINDBHAI', '', 'RATHOD', '0000-00-00', '', '', '', '', '', '', '', '', '', 'RAJKOT', 1, '', '', NULL, '', '', '', '', '', '', '', '', 1),
(21, 'DR. DHARMENDRA', '', 'HADIYAL', '0000-00-00', '', '', '', '', '', '', '', '', '', 'MORBI', 1, '', '', NULL, '', '', '', '', '', '', '', '', 1),
(22, 'DR. MAYUR', '', 'THADESHVAR', '0000-00-00', '', '', '', '', '', '', '', '', '', 'RAJKOT', 1, '', '', NULL, '', '', '', '', '', '', '', '', 1),
(23, 'MAYUR', 'JAYANTBHAI', 'TANK', '0000-00-00', '', '', '', '', '', '', '', '', '', 'RAJKOT', 1, '', '', NULL, '', '', '', '', '', '', '', '', 1),
(24, 'JULEE', '', 'UMBARADIYA', '0000-00-00', '', '', '', '', '', '', '', '', '', 'RAJKOT', 1, '', '', NULL, '', '', '', '', '', '', '', '', 1),
(25, 'NANDAN', 'KALRIYA', '', '0000-00-00', '', '', '', '', '', '', '', '', '', 'RAJKOT', 1, '', '', NULL, '', '', '', '', '', '', '', '', 1),
(26, 'JVALANT', 'ANILBHAI', 'CHAYA', '0000-00-00', '', '', '', '', '', '', '', '', '', 'RAJKOT', 1, '', '', NULL, '', '', '', '', '', '', '', '', 1),
(27, 'AJAYBHAI', 'A', 'MOR', '0000-00-00', '', '', '', '', '', '', '', '3/4 JYOTINAGAR. SURYADEEP.BEHIND CRISTAL MOLL.', 'RAJKOT', '', 1, '', '', NULL, '', '', '', '', '', '', '', '', 1),
(28, 'MARSHAL ', '', 'DONGA', '0000-00-00', '', '', '', '', '', '', '', '', '', 'RAJKOT', 1, '', '', NULL, '', '', '', '', '', '', '', '', 1),
(29, 'HIREN', '', 'PARMAR', '0000-00-00', '', '', '', '', '', '', '', '', '', 'RAJKOT', 1, '', '', NULL, '', '', '', '', '', '', '', '', 1),
(30, 'NAYANBHAI', '', 'PANDYA', '0000-00-00', '', '', '', '', '9825737557', '', '', '', '', 'RAJKOT', 1, '', '', NULL, '', '', '', '', '', '', '', '', 1),
(31, 'NILESHBHAI', '', 'BHIMJIYANI', '0000-00-00', '', '', '', '', '9328917370', '', '', 'NEW KEDARNATH SOSAYATI.KOTHARIYA ROAD ', '', 'RAJKOT', 1, '', '', NULL, '', '', '', '', '', '', '', '', 1),
(32, 'MOHNISHBHAI', '', 'JADAV', '0000-00-00', '', '', '', '', '', '', '', 'HARIDWAR PARK 2.GONDAL ROAD.', '', 'RAJKOT', 1, '', '', NULL, '', '', '', '', '', '', '', '', 1),
(33, 'HARESHBHAI', '', 'LUNAGARIYA', '0000-00-00', '', '', '', '', '9879627021', '', '', '', '', 'RAJKOT', 1, '', '', NULL, '', '', '', '', '', '', '', '', 1),
(34, 'RAVIBHAI', '', 'BADIYANI', '0000-00-00', '', '', '', '', '9426870000', '', '', '503.NEW EMMPAYIR APT,UNI ROAD ', '', 'RAJKOT', 1, '', '', NULL, '', '', '', '', '', '', '', '', 1),
(35, 'MITESHBHAI', '', '', '0000-00-00', '', '', '', '', '', '', '', 'BLOCK NO 2.RADHIKA PARK 150 FT RING ROAD', '', 'RAJKOT', 1, '', '', NULL, '', '', '', '', '', '', '', '', 1),
(36, 'KIRITBHAI', '', 'KHOLIYA', '0000-00-00', '', '', '', '', '9227777201', '', '', '', '', 'RAJKOT', 1, '', '', NULL, '', '', '', '', '', '', '', '', 1),
(37, 'KULDEEP', ' ARVINDBHAI', 'SANKHAVRA', '0000-00-00', '', '', '', '', '9824194675', '', '', 'KUVADVA ROAD. SOMNATH REAL HOME ', '', 'RAJKOT', 1, '', '', NULL, '', '', '', '', '', '', '', '', 1),
(38, 'SMIT', 'JIGNESHBHAI', 'BHALODIYA', '0000-00-00', '', '', '', '', '9601616263', '', '', '', '', 'RAJKOT', 1, '', '', NULL, '', '', '', '', '', '', '', '', 1),
(39, 'DINESH', 'RAGHAVBHAI ', 'VECRIYA', '0000-00-00', '', '', '', '', '', '', '', 'AADAMJIROAD. BAGRANG NAGAR ', '', 'JASDAN', 1, '', '', NULL, '', '', '', '', '', '', '', '', 1),
(40, 'HET ', 'MAHENDRABHAI', 'PACHANI', '0000-00-00', '', '', '', '', '9824285249', '', '', '', '', 'RAJKOT', 1, '', '', NULL, '', '', '', '', '', '', '', '', 1),
(41, 'PRASHANTBHAI', '', 'KAMANI', '0000-00-00', '', '', '', '', '', '', '', '12/2   MASTAR SOSA', '', 'RAJKOT', 1, '', '', NULL, '', '', '', '', '', '', '', '', 1),
(42, 'DHAVNIL ', 'SEJPAL', '', '0000-00-00', '', '', '', '', '', '', '', 'HARIHAR SOSA. KALAVAD ROAD', '', 'RAJKOT', 1, '', '', NULL, '', '', '', '', '', '', '', '', 1),
(43, 'VISHAL BHAI ', '', '', '0000-00-00', '', '', '', '', '', '', '', '', '', 'RAJKOT', 1, '', '', NULL, '', '', '', '', '', '', '', '', 1),
(44, 'NIKUNJ', '', 'BHATT', '0000-00-00', '', '', '', '', '9426242202', '', '', '', '', 'RAJKOT', 1, '', '', NULL, '', '', '', '', '', '', '', '', 1),
(45, 'DR. BHAVESH', '', 'THORIYA', '0000-00-00', '', '', '', '', '', '', '', '', '', 'RAJKOT', 1, '', '', NULL, '', '', '', '', '', '', '', '', 1),
(46, 'ALPESHBHAI', '', 'PATEL', '0000-00-00', '', '', '', '', '', '', '', '', '', 'RAJKOT', 1, '', '', NULL, '', '', '', '', '', '', '', '', 1),
(47, 'VIPULBHAI', '', '', '0000-00-00', '', '', '', '', '', '', '', '', '', 'RAJKOT', 1, '', '', NULL, '', '', '', '', '', '', '', '', 1),
(48, 'DHARMESHBHAI', '', 'KHERDIYA', '0000-00-00', '', '', '', '', '', '', '', '', '', 'RAJKOT', 1, '', '', NULL, '', '', '', '', '', '', '', '', 1),
(49, 'RACHITABEN', '', 'MAHETA', '0000-00-00', '', '', '', '', '', '', '', 'SHRI YOGIDARSHAN  SOSA. STREET NO. 2', '', 'RAJKOT', 1, '', '', NULL, '', '', '', '', '', '', '', '', 1),
(50, 'ANKITA BEN', '', '', '0000-00-00', '', '', '', '', '', '', '', '', '', 'RAJKOT', 1, '', '', NULL, '', '', '', '', '', '', '', '', 1),
(51, ' SARADBHAI', '', 'SHINGALA', '0000-00-00', '', '', '', '', '', '', '', '', '', 'RAJKOT', 1, '', '', NULL, '', '', '', '', '', '', '', '', 1),
(52, 'GOPAL ', 'DURLABHJIBHAI', 'SIDDHAPURA', '0000-00-00', '', '', '', '', '', '', '', '', '', 'RAJKOT', 1, '', '', NULL, '', '', '', '', '', '', '', '', 1),
(53, 'ASHOKBHAI', '', '', '0000-00-00', '', '', '', '', '', '', '', '', '', '', 1, '', '', NULL, '', '', '', '', '', '', '', '', 1),
(54, 'ALPESH BHAI', 'J', 'PATEL', '0000-00-00', '', '', '', '', '9099088440', '', '', '501. ANURADHA APART.RAVAPAR ROAD ', '', 'RAJKOT', 1, '', '', NULL, '', '', '', '', '', '', '', '', 1),
(55, 'USHABEN', '', 'RAJDEV', '0000-00-00', '', '', '', '', '', '', '', '', '', 'RAJKOT', 1, '', '', NULL, '', '', '', '', '', '', '', '', 1),
(56, 'BHARAT', 'HARIBHAI', 'CHONDIGARA', '0000-00-00', '', '', '', '', '9427564685', '', '', '3/ KARAN PARK.ASTRON SOSA.', '', 'RAJKOT', 1, '', '', NULL, '', '', '', '', '', '', '', '', 1),
(57, 'KARTIKBHAI', '', 'JOSHI', '0000-00-00', '', '', '', '', '', '', '', 'OM GAYATRI. MANINAGAR', '', 'RAJKOT', 1, '', '', NULL, '', '', '', '', '', '', '', '', 1),
(58, 'NAIMISHBHAI', '', 'PATEL', '0000-00-00', '', '', '', '', '9898145405', '', '', '', '', 'VAVDI. RAJKOT', 1, '', '', NULL, '', '', '', '', '', '', '', '', 1),
(59, 'CHANDUBHAU ', '', 'BHUVA', '0000-00-00', '', '', '', '', '', '', '', 'VIJAY PLOT 30.', '', 'RAJKOT', 1, '', '', NULL, '', '', '', '', '', '', '', '', 1),
(60, 'RAJESH', 'BHARATBHAI', 'KANSARA', '0000-00-00', '', '', '', '', '', '', '', '', '', 'RAJKOT', 1, '', '', NULL, '', '', '', '', '', '', '', '', 1),
(61, 'PUNITBHAI', '', 'KOTAK', '0000-00-00', '', '', '', '', '', '', '', '', '', 'RAJKOT', 1, '', '', NULL, '', '', '', '', '', '', '', '', 1),
(62, 'DR. KANT ', '', 'JOGANI', '0000-00-00', '', '', '', '', '', '', '', '12/ SILVAR STONE SOSA. KASTURI BANGLO.', '', 'RAJKOT', 1, '', '', NULL, '', '', '', '', '', '', '', '', 1),
(63, 'AMIBEN', '', 'NANDANI', '0000-00-00', '', '', '', '', '', '', '', '', '', 'RAJKOT', 1, '', '', NULL, '', '', '', '', '', '', '', '', 1),
(64, 'ELIYAS ', '', 'JUNEJA', '0000-00-00', '', '', '', '', '', '', '', '', '', 'RAJKOT', 1, '', '', NULL, '', '', '', '', '', '', '', '', 1),
(65, 'DINESHBHAI', '', 'TRADA', '0000-00-00', '', '', '', '', '', '', '', 'RANPUR. JUNAGADH', '', '', 1, '', '', NULL, '', '', '', '', '', '', '', '', 1),
(66, 'MAHESHBHAI', '', 'MOTVANI', '0000-00-00', '', '', '', '', '', '', '', '', '', 'RAJKOT', 1, '', '', NULL, '', '', '', '', '', '', '', '', 1),
(67, 'RAMESH BHAI', '', 'DARJI', '0000-00-00', '', '', '', '', '9427766585', '', '', 'JANSATTA PRESS CHOK. ', '', 'RAJKOT', 1, '', '', NULL, '', '', '', '', '', '', '', '', 1),
(68, 'SMIT', 'KIRITBHAI', 'GAJERA', '0000-00-00', '', '', '', '', '', '', '', 'JALARAM TRANSPORT', '', 'RAJKOT', 1, '', '', NULL, '', '', '', '', '', '', '', '', 1),
(69, 'C', 'K ', 'DHAMSANIYA', '0000-00-00', '', '', '', '', '', '', '', '36/A PANCHVATI SOSA.', '', 'RAJKOT', 1, '', '', NULL, '', '', '', '', '', '', '', '', 1),
(70, 'D ', 'S ', 'PATEL', '0000-00-00', '', '', '', '', '', '', '', '', '', 'RAJKOT', 1, '', '', NULL, '', '', '', '', '', '', '', '', 1),
(71, 'JAGRUTIBEN', 'MAHESHBHAI', 'VYAS', '0000-00-00', '', '', '', '', '', '', '', 'NANDINI PARK. 3 RAMESHVAR VADI ', '', 'RAJKOT', 1, '', '', NULL, '', '', '', '', '', '', '', '', 1),
(72, 'KUNAL', 'LALITBHAI', 'RAIYANI', '0000-00-00', '', '', '', '', '', '', '', 'JAY SHAKTI PARK. STREET NO.1', '', 'RAJKOT', 1, '', '', NULL, '', '', '', '', '', '', '', '', 1),
(73, 'HEMAL', '', 'VACHANI', '0000-00-00', '', '', '', '', '', '', '', '802/ RATRANI APARTMENT. AKSHAR MARG.', '', 'RAJKOT', 1, '', '', NULL, '', '', '', '', '', '', '', '', 1),
(74, 'NILESHBHAI', '', 'CHIKANI', '0000-00-00', '', '', '', '', '', '', '', 'NAND VATIKA 101 BEHIND STARLING HOSPITAL', 'RAJKOT', 'RAJKOT', 1, '', '', NULL, '', '', '', '', '', '', '', '', 1),
(75, 'SURESHBHAI', '', 'BALDANIYA', '0000-00-00', '', '', '', '', '', '', '', 'INDIRA CIRCLE.', 'RAJKOT', '', 1, '', '', NULL, '', '', '', '', '', '', '', '', 1),
(76, 'DHARMESHBHAI', '', '', '0000-00-00', '', '', '', '', '', '', '', '', '', 'RAJKOT', 1, '', '', NULL, '', '', '', '', '', '', '', '', 1),
(77, 'BHAGVAT SINH', '', 'REVAR', '0000-00-00', '', '', '', '', '', '', '', 'SHARVESHAR 3 .  KARAN PARK', '', 'RAJKOT', 1, '', '', NULL, '', '', '', '', '', '', '', '', 1),
(78, 'PRATIK BHAI', '', '', '0000-00-00', '', '', '', '', '', '', '', '', '', 'RAJKOT', 1, '', '', NULL, '', '', '', '', '', '', '', '', 1),
(79, 'NILESHBHAI', '', 'SACHDEV', '0000-00-00', '', '', '', '', '', '', '', '', '', 'RAJKOT', 1, '', '', NULL, '', '', '', '', '', '', '', '', 1),
(80, 'NARENDRABHAI', '', 'GONDLIYA', '0000-00-00', '', '', '', '', '', '', '', 'HOMEGARD CAMPAS COLONI. BLOCK NO B/2/7', '', 'RAJKOT', 1, '', '', NULL, '', '', '', '', '', '', '', '', 1),
(81, 'NIHAL ', '', '', '0000-00-00', '', '', '', '', '', '', '', 'SADHU VASVANI ROAD,', '', 'RAJKOT', 1, '', '', NULL, '', '', '', '', '', '', '', '', 1),
(82, 'KEYUR BHAI', '', 'TRIVEDI', '0000-00-00', '', '', '', '', '', '', '', 'SAURASTRA KARMCHARI COLONI. STREET NO 4', '', 'RAJKOT', 1, '', '', NULL, '', '', '', '', '', '', '', '', 1),
(83, 'JINESH ', '', 'MAHETA', '0000-00-00', '', '', '', '', '', '', '', 'STAVAN 8SAUSRASTRA KALA KENDRA SOSA', '', 'RAJKOT', 1, '', '', NULL, '', '', '', '', '', '', '', '', 1),
(84, 'PERFECT CASTING', '', '', '0000-00-00', '', '', '', '', '', '', '', 'SAMRAT 30. GONDAL ROAD', '', 'RAJKOT', 1, '', '', NULL, '', '', '', '', '', '', '', '', 1),
(85, 'RAMCHANDRA', 'KHODIDASBHAI', 'SOJITRA', '0000-00-00', '', '', '', '', '', '', '', 'KARAN PARK STREET NO. 3 ', '', 'RAJKOT', 1, '', '', NULL, '', '', '', '', '', '', '', '', 1),
(86, 'MUKESHBHAI', '', 'SANGANI', '0000-00-00', '', '', '', '', '', '', '', '', '', 'RAJKOT', 1, '', '', NULL, '', '', '', '', '', '', '', '', 1),
(87, 'NILESH', 'A', 'LALANI', '0000-00-00', '', '', '', '', '', '', '', '2/ SHRI COLONI.PLOT NO.9  HIMNIL', '', 'RAJKOT', 1, '', '', NULL, '', '', '', '', '', '', '', '', 1),
(88, 'JAY', 'ASHOKBHAI', 'KARVATIYA', '0000-00-00', '', '', '', '', '', '', '', '', '', 'RAJKOT', 1, '', '', NULL, '', '', '', '', '', '', '', '', 1),
(89, 'NAYNESHBHAI', '', 'KORAT', '0000-00-00', '', '', '', '', '', '', '', '', '', 'RAJKOT', 1, '', '', NULL, '', '', '', '', '', '', '', '', 1),
(90, 'SHAILESHBHAI', '', 'MANVAR', '0000-00-00', '', '', '', '', '9426216355', '', '', 'A/ 401 RANI TOWER', '', 'RAJKOT', 1, '', '', NULL, '', '', '', '', '', '', '', '', 1),
(91, 'RAKESH', '', 'KESHVANI ', '0000-00-00', '', '', '', '', '', '', '', '', '', 'BHAVNAGAR', 1, '', '', NULL, '', '', '', '', '', '', '', '', 1),
(92, 'RISHIT ', '', 'PARIHAR', '0000-00-00', '', '', '', '', '', '', '', '97/ 579 VIJAY NAGAR NARANPURA', '', 'AMDAVAD', 1, '', '', NULL, '', '', '', '', '', '', '', '', 1),
(93, 'AMI BEN', '', '', '0000-00-00', '', '', '', '', '', '', '', '', '', 'RAJKOT', 1, '', '', NULL, '', '', '', '', '', '', '', '', 1),
(94, 'HITESH', '', 'PARSANA', '0000-00-00', '', '', '', '', '', '', '', 'ARJUN PARK. ASTRON SOSA, AMIN MARG', '', 'RAJKOT', 1, '', '', NULL, '', '', '', '', '', '', '', '', 1),
(95, 'NANDISH', 'KARIYA', '', '0000-00-00', '', '', '', '', '', '', '', '', '', 'RAJKOT', 1, '', '', NULL, '', '', '', '', '', '', '', '', 1),
(96, 'JAY ', 'ASHOKBHAI', '', '0000-00-00', '', '', '', '', '', '', '', '', '', '', 1, '', '', NULL, '', '', '', '', '', '', '', '', 1),
(97, 'SHIVAM AUTO', '', '', '0000-00-00', '', '', '', '', '9924259453', '', '', '', '', '', 1, '', '', NULL, '', '', '', '', '', '', '', '', 1),
(98, 'AAYUSH ', '', 'KARIYA', '0000-00-00', '', '', '', '', '', '', '', '', '', 'RAJKOT', 1, '', '', NULL, '', '', '', '', '', '', '', '', 1),
(99, 'AMITBHAI', '', 'JADEJA', '0000-00-00', '', '', '', '', '', '', '', '', '', 'JUNAGADH', 1, '', '', NULL, '', '', '', '', '', '', '', '', 1),
(100, 'DEVENDRA', '', 'KOLI', '0000-00-00', '', '', '', '', '', '', '', 'AASHIRVAD 2.ALKAPURI RAIYA ROAD ', '', 'RAJKOT', 1, '', '', NULL, '', '', '', '', '', '', '', '', 1),
(101, 'MIHIR ', 'CHAGANBHAI', 'BHIMANI', '0000-00-00', '', '', '', '', '', '', '', 'NANDI PARK. 4 S.N.K SCHOOL ', '', 'RAJKOT', 1, '', '', NULL, '', '', '', '', '', '', '', '', 1),
(102, 'YOGESH BHAI', '', '', '0000-00-00', '', '', '', '', '', '', '', '', '', 'JASDAN', 1, '', '', NULL, '', '', '', '', '', '', '', '', 1),
(103, 'HARESH', 'GHANSHYAMBHAI', 'THORIYA', '0000-00-00', '', '', '', '', '9924350580', '', '', '', '', '', 1, '', '', NULL, '', '', '', '', '', '', '', '', 1),
(104, 'ADHIYARUBHAI', '', '', '0000-00-00', '', '', '', '', '', '', '', '', '', 'AMRELI', 1, '', '', NULL, '', '', '', '', '', '', '', '', 1),
(105, 'MANTHAN ', '', 'PATEL', '0000-00-00', '', '', '', '', '', '', '', 'HARINAGAR MAIN ROAD. UNI ROAD', '', 'RAJKOT', 1, '', '', NULL, '', '', '', '', '', '', '', '', 1),
(106, 'SAHAJ', 'PARESHBHAI', 'TANK', '0000-00-00', '', '', '', '', '', '', '', 'GUNDAVADI. STREET NO 12.', '', 'RAJKOT', 1, '', '', NULL, '', '', '', '', '', '', '', '', 1),
(107, 'KANAK BHAI', '', 'SODHA', '0000-00-00', '', '', '', '', '', '', '', '', '', '', 1, '', '', NULL, '', '', '', '', '', '', '', '', 1),
(108, 'CHETANYA', '', 'MAHETA', '0000-00-00', '', '', '', '', '', '', '', '', '', 'RAJKOT', 1, '', '', NULL, '', '', '', '', '', '', '', '', 1),
(109, 'HIRENBHAI', '', 'GAUSWAMI', '0000-00-00', '', '', '', '', '', '', '', '', '', 'RAJKOT', 1, '', '', NULL, '', '', '', '', '', '', '', '', 1),
(110, 'GAURAV ', '', 'PAL', '0000-00-00', '', '', '', '', '', '', '', '', 'RAJKOT', '', 1, '', '', NULL, '', '', '', '', '', '', '', '', 1),
(111, 'KULINBHAI', '', 'BHATT', '0000-00-00', '', '', '', '', '', '', '', 'AVADH RESIDENCY.30 VINAYAK VATIKA.', '', 'RAJKOT', 1, '', '', NULL, '', '', '', '', '', '', '', '', 1),
(112, 'dipak bhai', '', 'kotecha', '0000-00-00', '', '', '', '', '', '', '', '302/isha avenew new collage vadi kalawad road', '', 'rajkot', 1, '', '', NULL, '', '', '', '', '', '', '', '', 1),
(113, 'sonal ben', '', '', '0000-00-00', '', '', '', '', '', '', '', '', '', 'rajkot', 1, '', '', NULL, '', '', '', '', '', '', '', '', 1),
(114, 'abhishekbhai ', '', 'aadesara', '0000-00-00', '', '', '', '', '', '', '', '2/ vardhaman. palace road', '', 'rajkot', 1, '', '', NULL, '', '', '', '', '', '', '', '', 1),
(115, 'utsav', 'kamleshbhai', 'chauhan', '0000-00-00', '', '', '', '', '', '', '', 'gandhigram', '', 'rajkot', 1, '', '', NULL, '', '', '', '', '', '', '', '', 1),
(116, 'tushar', '', 'sheth', '0000-00-00', '', '', '', '', '', '', '', 'jan kalyan sosa.', '', 'rajkot', 1, '', '', NULL, '', '', '', '', '', '', '', '', 1),
(117, 'ramesh', 'mohan bhai', 'patel', '0000-00-00', '', '', '', '', '', '', '', '3/ somnath apartment.padhmnabh tower.uni road', '', 'rajkot', 1, '', '', NULL, '', '', '', '', '', '', '', '', 1),
(118, 'pratikbhai', '', 'soneji', '0000-00-00', '', '', '', '', '', '', '', '', '', 'rajkot', 1, '', '', NULL, '', '', '', '', '', '', '', '', 1),
(119, 'samirbhai', '', 'patel', '0000-00-00', '', '', '', '', '', '', '', '12/B ANUPAMA SOSA. AMIN MARG', '', 'RAJKOT', 1, '', '', NULL, '', '', '', '', '', '', '', '', 1),
(120, 'DEVENDRABHAI', '', '', '0000-00-00', '', '', '', '', '', '', '', 'AMBIKA TOWNSHIP. JIVRAJ PARK', '', 'RAJKOT', 1, '', '', NULL, '', '', '', '', '', '', '', '', 1),
(121, 'GANGADHAR IND.', '', '', '0000-00-00', '', '', '', '', '', '', '', '', '', 'RAJKOT', 1, '', '', NULL, '', '', '', '', '', '', '', '', 1),
(122, 'DR. HARSHIL ', '', 'PARIKH', '0000-00-00', '', '', '', '', '', '', '', '', '', 'RAJKOT', 1, '', '', NULL, '', '', '', '', '', '', '', '', 1),
(123, 'UDAY', 'HARSHADBHAI', 'DAVE', '0000-00-00', '', '', '', '', '', '', '', 'JIVRAJ PARK BLOCK NO.107 AMBIKA TOWNSHIP.', '', 'RAJKOT', 1, '', '', NULL, '', '', '', '', '', '', '', '', 1),
(124, 'NAROTAMBHAI', '', 'PARSANA', '0000-00-00', '', '', '', '', '', '', '', '', '', 'RAJKOT', 1, '', '', NULL, '', '', '', '', '', '', '', '', 1),
(125, 'DHANJIBHAI', 'KARMANBHAI', 'AAMBALIYA', '0000-00-00', '', '', '', '', '', '', '', '', '', 'RAJKOT', 1, '', '', NULL, '', '', '', '', '', '', '', '', 1),
(126, 'JIGNESHBHAI', '', 'AGRAVAT', '0000-00-00', '', '', '', '', '', '', '', 'GANDHIGRAM, ', '', 'RAJKOT', 1, '', '', NULL, '', '', '', '', '', '', '', '', 1),
(127, 'DR. AJAY', '', 'MAHETA', '0000-00-00', '', '', '', '', '', '', '', '', '', 'RAJKOT', 1, '', '', NULL, '', '', '', '', '', '', '', '', 1),
(128, 'KAVAN', 'SUNILBHAI', 'RAK', '0000-00-00', '', '', '', '', '', '', 'KRISHNAPARK.150 FT RING ROAD', '', 'RAJKOT', '', 1, '', '', NULL, '', '', '', '', '', '', '', '', 1),
(129, 'VASU', '', 'PATEL', '0000-00-00', '', '', '', '', '', '', 'KISMAT PLY', 'KISMAT PLY', 'RAJKOT', 'RAJKOT', 1, '', '', NULL, '', '', '', '', '', '', '', '', 1),
(130, 'KUVRABHAI', '', '', '0000-00-00', '', '', '', '', '', '', '', '', '', 'RAJKOT', 1, '', '', NULL, '', '', '', '', '', '', '', '', 1),
(131, 'SATVIBEN', '', 'LIMBASIYA', '0000-00-00', '', '', '', '', '', '', '', 'B/401.KING HIGHTS.AMIN MARG', '', 'RAJKOT', 1, '', '', NULL, '', '', '', '', '', '', '', '', 1),
(132, 'DIVYESHBHAI', '', 'PACHANI', '0000-00-00', '', '', '', '', '', '', '', 'UNI ROAD', '', 'RAJKOT', 1, '', '', NULL, '', '', '', '', '', '', '', '', 1),
(133, 'ALPESHBHAI', '', 'PATEL', '0000-00-00', '', '', '', '', '', '', '', '', '', '', 1, '', '', NULL, '', '', '', '', '', '', '', '', 1),
(134, 'BHUMI', 'GAURANG BHAI', 'GADHIYA', '0000-00-00', '', '', '', '', '', '', '', '', 'RAJKOT', '', 1, '', '', NULL, '', '', '', '', '', '', '', '', 1),
(135, 'JEET', 'AMITKUMAR', 'RUPARELIYA', '0000-00-00', '', '', '', '', '9429686120', '', '', '', '', 'AMRELI', 1, '', '', NULL, '', '', '', '', '', '', '', '', 1),
(136, 'GOVIND BHAI', '', 'KATHIRIYA', '0000-00-00', '', '', '', '', '', '', '', 'LALBAHADUR SOSA. DHEBAR ROAD', '', 'RAJKOT', 1, '', '', NULL, '', '', '', '', '', '', '', '', 1),
(137, 'HITESH BHAI', '', 'DESAI', '0000-00-00', '', '', '', '', '', '', '', 'BABRA', '', 'AMRELI', 1, '', '', NULL, '', '', '', '', '', '', '', '', 1),
(138, 'B', 'R', 'ENTERPRISE', '0000-00-00', '', '', '', '', '', '', '', '', '', 'RAJKOT', 1, '', '', NULL, '', '', '', '', '', '', '', '', 1),
(139, 'JAGDISH BHAI ', 'S', 'RATHOD', '0000-00-00', '', '', '', '', '', '', '', 'HALENDA', '', 'RAJKOT', 1, '', '', NULL, '', '', '', '', '', '', '', '', 1),
(140, 'ASHISH BHAI', '', '', '0000-00-00', '', '', '', '', '9429700000', '', '', '', '', 'RAJKOT', 1, '', '', NULL, '', '', '', '', '', '', '', '', 1),
(141, 'VINOD BHAI ', 'POPAT BHAI', '', '0000-00-00', '', '', '', '', '', '', '', 'RAJLAXMI SOSA. STREET NO 3', '', 'RAJKOT', 1, '', '', NULL, '', '', '', '', '', '', '', '', 1),
(142, 'CHIRAG BHAI', '', 'MAHETA', '0000-00-00', '', '', '', '', '', '', '', '', '', 'RAJKOT', 1, '', '', NULL, '', '', '', '', '', '', '', '', 1),
(143, 'GIRISH BHAI', '', 'RATHOD', '0000-00-00', '', '', '', '', '', '', '', 'LAXMINAGAR 1', '', 'RAJKOT', 1, '', '', NULL, '', '', '', '', '', '', '', '', 1),
(144, 'J ', 'K ', 'GHODASRA', '0000-00-00', '', '', '', '', '', '', '', 'LAXMINARAYAN SOSA.TANKARA', '', 'MORBI', 1, '', '', NULL, '', '', '', '', '', '', '', '', 1),
(145, 'MAHESHBHAI', '', 'PARSANA', '0000-00-00', '', '', '', '', '', '', '', '3/ VALKESHVAR.HASANVADI', '', 'RAJKOT', 1, '', '', NULL, '', '', '', '', '', '', '', '', 1),
(146, 'NARENDRABHAI ', '', '', '0000-00-00', '', '', '', '', '', '', '', '', '', 'MORBI', 1, '', '', NULL, '', '', '', '', '', '', '', '', 1),
(147, 'PRAKASHBHAI ', '', 'TANK', '0000-00-00', '', '', '', '', '', '', '', '8/ VALKESHVAR.GHANSHYAMBHUVAN.', '', 'RAJKOT', 1, '', '', NULL, '', '', '', '', '', '', '', '', 1),
(148, 'KASHYAP', '', 'TILAVAT', '0000-00-00', '', '', '', '', '', '', '', 'ANANDNAGAR.BLOCK NO 11', '', 'RAJKOT', 1, '', '', NULL, '', '', '', '', '', '', '', '', 1),
(149, 'HASNEL', '', 'AKILBHAI', '0000-00-00', '', '', '', '', '', '', '', '', '', 'RAJKOT', 1, '', '', NULL, '', '', '', '', '', '', '', '', 1),
(150, 'SAHJEB', 'F ', 'LINGDIYA', '0000-00-00', '', '', '', '', '', '', '', 'SADAR BAJAR HARIHAR CHOK', '', 'RAJKOT', 1, '', '', NULL, '', '', '', '', '', '', '', '', 1),
(151, 'NARENDRABHAI', '', 'SAPRIYA', '0000-00-00', '', '', '', '', '', '', '', 'HASANVADI 4', '', 'RAJKOT', 1, '', '', NULL, '', '', '', '', '', '', '', '', 1),
(152, 'LALIT BHAI', '', 'KAMANI', '0000-00-00', '', '', '', '', '', '', '', '', 'RAJKOT', 'RAJKOT', 0, '', '', NULL, '', '', '', '', '', '', '', '', 1),
(153, 'NIMISH', '', 'PARSANA', '0000-00-00', '', '', '', '', '', '', '', '320/ KRISHNA CONARK. TAGORE ROAD', '', 'RAJKOT', 1, '', '', NULL, '', '', '', '', '', '', '', '', 1),
(154, 'MANHAR BHAI', '', 'PATEL', '0000-00-00', '', '', '', '', '', '', '', '', '', 'DHANGDHRA', 1, '', '', NULL, '', '', '', '', '', '', '', '', 1),
(155, 'MEET ', '', 'DOBARIYA', '0000-00-00', '', '', '', '', '', '', '', '', '', 'RAJKOT', 1, '', '', NULL, '', '', '', '', '', '', '', '', 1),
(156, 'NATU BHAI', '', '', '0000-00-00', '', '', '', '', '', '', '', '', '', 'RAJKOT', 1, '', '', NULL, '', '', '', '', '', '', '', '', 1),
(157, 'ANUP BHAI', '', 'RATHOD', '0000-00-00', '', '', '', '', '', '', '', 'HASAN VADI 3', '', 'RAJKOT', 1, '', '', NULL, '', '', '', '', '', '', '', '', 1);

-- --------------------------------------------------------

--
-- Table structure for table `master_cyclezone_price`
--

CREATE TABLE IF NOT EXISTS `master_cyclezone_price` (
  `CycleZonePriceID` int(11) NOT NULL AUTO_INCREMENT,
  `InventoryChildID` int(11) DEFAULT NULL,
  `BasicPrice` float DEFAULT NULL,
  `TaxPrice` float DEFAULT NULL,
  `TaxApplied` varchar(100) DEFAULT NULL,
  `ProfitPersontage` float DEFAULT NULL,
  `ProfitRs` float DEFAULT NULL,
  `RoundPrice` float DEFAULT NULL,
  `CycleTotalPrice` float DEFAULT NULL,
  `Active` int(11) DEFAULT '1',
  PRIMARY KEY (`CycleZonePriceID`)
) ENGINE=MyISAM  DEFAULT CHARSET=latin1 AUTO_INCREMENT=249 ;

--
-- Dumping data for table `master_cyclezone_price`
--

INSERT INTO `master_cyclezone_price` (`CycleZonePriceID`, `InventoryChildID`, `BasicPrice`, `TaxPrice`, `TaxApplied`, `ProfitPersontage`, `ProfitRs`, `RoundPrice`, `CycleTotalPrice`, `Active`) VALUES
(1, 1, 5964, 859.2, '5,7', 20, 1192.8, 7160, 8019.2, 1),
(2, 2, 15130.5, 757.15, '5,7', 1, 151.31, 15143, 15900.2, 1),
(3, 3, 12437.2, 628.6, '5,7', 1, 124.37, 12572, 13200.6, 1),
(4, 4, 4651.5, 247.65, '5,7', 2, 93.03, 4953, 5200.65, 1),
(5, 5, 3549, 209.55, '5,7', 2, 70.98, 4191, 4400.55, 1),
(6, 6, 16343.2, 852.4, '5,7', 2, 326.87, 17048, 17900.4, 1),
(7, 7, 7465.5, 381, '5,7', 2, 149.31, 7620, 8001, 1),
(8, 8, 11896.5, 604.8, '5,7', 2, 237.93, 12096, 12700.8, 1),
(9, 9, 17304, 885.75, '5,7', 2, 346.08, 17715, 18600.8, 1),
(10, 11, 15130.5, 757.15, '5,7', 2, 302.61, 15143, 15900.2, 1),
(11, 12, 24333.8, 1233.35, '5,7', 1, 243.34, 24667, 25900.3, 1),
(12, 13, 8463, 428.6, '5,7', 1, 84.63, 8572, 9000.6, 1),
(13, 14, 15036, 761.95, '5,7', 1, 150.36, 15239, 16001, 1),
(14, 15, 10274.2, 547.65, '5,7', 2, 205.49, 10953, 11500.7, 1),
(15, 16, 3265.5, 181, '5,7', 5, 163.28, 3620, 3801, 1),
(16, 17, 6562.5, 357.15, '5,7', 2, 131.25, 7143, 7500.15, 1),
(17, 18, 11550, 604.8, '5,7', 1, 115.5, 12096, 12700.8, 1),
(18, 19, 9145.5, 523.85, '5,7', 2, 182.91, 10477, 11000.8, 1),
(19, 20, 5659.5, 261.56, '5', 2, 113.19, 6539, 6800.56, 1),
(20, 21, 5407.5, 309.55, '5,7', 2, 108.15, 6191, 6500.55, 1),
(21, 22, 4326, 252.4, '5,7', 2, 86.52, 5048, 5300.4, 1),
(22, 23, 4399.5, 252.4, '5,7', 2, 87.99, 5048, 5300.4, 1),
(23, 24, 4357.5, 252.4, '5,7', 2, 87.15, 5048, 5300.4, 1),
(24, 25, 3412.5, 195.25, '5,7', 2, 68.25, 3905, 4100.25, 1),
(25, 26, 4273.5, 252.4, '5,7', 2, 85.47, 5048, 5300.4, 1),
(26, 27, 4053, 233.35, '5,7', 2, 81.06, 4667, 4900.35, 1),
(27, 28, 6924.75, 400, '5,7', 2, 138.5, 8000, 8400, 1),
(28, 29, 8053.5, 461.95, '5,7', 2, 161.07, 9239, 9700.95, 1),
(29, 30, 8484, 490.5, '5,7', 2, 169.68, 9810, 10300.5, 1),
(30, 31, 8536.5, 495.25, '5,7', 2, 170.73, 9905, 10400.2, 1),
(31, 32, 2877, 152.4, '5,7', 2, 57.54, 3048, 3200.4, 1),
(32, 33, 5029.5, 290.5, '5,7', 2, 100.59, 5810, 6100.5, 1),
(33, 34, 2982, 171.45, '5,7', 2, 59.64, 3429, 3600.45, 1),
(34, 37, 29111.2, 1504.8, '5,7', 2, 582.23, 30096, 31600.8, 1),
(35, 39, 21210, 1100, '5,7', 2, 424.2, 22000, 23100, 1),
(36, 40, 11124.8, 576.2, '5,7', 2, 222.5, 11524, 12100.2, 1),
(37, 41, 5271, 314.3, '5,7', 10, 527.1, 6286, 6600.3, 1),
(38, 42, 4987.5, 361.95, '5,7', 10, 498.75, 7239, 7600.95, 1),
(39, 43, 6168.75, 290.5, '5,7', 2, 123.38, 5810, 6100.5, 1),
(40, 44, 540.75, 42.9, '5,7', 2, 10.81, 858, 900.9, 1),
(41, 45, 5042.1, 285.75, '5,7', 2, 100.84, 5715, 6000.75, 1),
(42, 46, 1659, 109.55, '5,7', 2, 33.18, 2191, 2300.55, 1),
(43, 47, 1323, 95.25, '5,7', 2, 26.46, 1905, 2000.25, 1),
(44, 48, 1323, 100, '5,7', 2, 26.46, 2000, 2100, 1),
(45, 49, 4641, 276.2, '5,7', 2, 92.82, 5524, 5800.2, 1),
(46, 50, 4803.75, 333.35, '5,7', 2, 96.08, 6667, 7000.35, 1),
(47, 51, 7376.25, 428.6, '5,7', 2, 147.53, 8572, 9000.6, 1),
(48, 52, 446.25, 28.6, '5,7', 2, 8.93, 572, 600.6, 1),
(49, 53, 5092.5, 281, '5,7', 2, 101.85, 5620, 5901, 1),
(50, 54, 304.5, 15.75, '5,7', 2, 6.09, 315, 330.75, 1),
(51, 55, 498.75, 28.6, '5,7', 2, 9.97, 572, 600.6, 1),
(52, 56, 341.25, 18.6, '5,7', 2, 6.83, 372, 390.6, 1),
(53, 57, 241.5, 26.2, '5,7', 2, 4.83, 524, 550.2, 1),
(54, 58, 178.5, 11.95, '5,7', 2, 3.57, 239, 250.95, 1),
(55, 60, 8688.75, 495.25, '5,7', 2, 173.78, 9905, 10400.2, 1),
(56, 61, 4326, 257.2, '5,7', 3, 129.78, 5144, 5401.2, 1),
(57, 62, 5223.75, 309.55, '5,7', 3, 156.71, 6191, 6500.55, 1),
(58, 63, 519.75, 28.6, '5,7', 2, 10.39, 572, 600.6, 1),
(59, 64, 750.75, 52.4, '5,7', 5, 37.54, 1048, 1100.4, 1),
(60, 65, 178.5, 11.95, '5,7', 2, 3.57, 239, 250.95, 1),
(61, 66, 273, 16.7, '5,7', 2, 5.46, 334, 350.7, 1),
(62, 67, 236.25, 16.7, '5,7', 2, 4.72, 334, 350.7, 1),
(63, 68, 1627.5, 100, '5,7', 5, 81.38, 2000, 2100, 1),
(64, 69, 246.75, 16.7, '5,7', 5, 12.34, 334, 350.7, 1),
(65, 70, 939.75, 71.45, '5,7', 2, 18.8, 1429, 1500.45, 1),
(66, 71, 2205, 119.05, '5,7', 2, 44.1, 2381, 2500.05, 1),
(67, 72, 94.5, 5.75, '5,7', 2, 1.89, 115, 120.75, 1),
(68, 73, 152.25, 9.3, '5,7', 2, 3.04, 186, 195.3, 1),
(69, 74, 120.75, 7.65, '5,7', 2, 2.42, 153, 160.65, 1),
(70, 75, 120.75, 7.65, '5,7', 2, 2.42, 153, 160.65, 1),
(71, 76, 929.25, 64.3, '5,7', 2, 18.59, 1286, 1350.3, 1),
(72, 77, 813.75, 54.8, '5,7', 5, 40.69, 1096, 1150.8, 1),
(73, 78, 393.75, 25.25, '5,7', 2, 7.88, 505, 530.25, 1),
(74, 79, 257.25, 16.7, '5,7', 2, 0, 334, 350.7, 1),
(75, 80, 262.5, 17.65, '5,7', 2, 5.25, 353, 370.65, 1),
(76, 81, 36.75, 3.85, '5,7', 5, 1.84, 77, 80.85, 1),
(77, 83, 18.9, 2.4, '5,7', 5, 0.94, 48, 50.4, 1),
(78, 84, 278.25, 16.7, '5,7', 2, 5.57, 334, 350.7, 1),
(79, 85, 288.75, 19.05, '5,7', 5, 14.44, 381, 400.05, 1),
(80, 86, 273, 16.7, '5,7', 2, 5.46, 334, 350.7, 1),
(81, 87, 60.9, 3.85, '5,7', 2, 1.22, 77, 80.85, 1),
(82, 88, 33993.8, 1904.8, '5,7', 5, 1699.69, 38096, 40000.8, 1),
(83, 89, 20238.8, 1104.8, '5,7', 2, 404.77, 22096, 23200.8, 1),
(84, 92, 157.5, 9.3, '5,7', 5, 7.88, 186, 195.3, 1),
(85, 93, 47.25, 3.1, '5,7', 2, 0.94, 62, 65.1, 1),
(86, 95, 446.25, 28.6, '5,7', 5, 22.31, 572, 600.6, 1),
(87, 100, 65.1, 3.85, '5,7', 5, 3.25, 77, 80.85, 1),
(88, 97, 525, 28.6, '5,7', 2, 10.5, 572, 600.6, 1),
(89, 101, 204.75, 14.3, '5,7', 2, 4.09, 286, 300.3, 1),
(90, 104, 63, 4.8, '5,7', 5, 3.15, 96, 100.8, 1),
(91, 105, 120.75, 8.35, '5,7', 5, 6.04, 167, 175.35, 1),
(92, 106, 168, 11.95, '5,7', 5, 8.4, 239, 250.95, 1),
(93, 107, 115.5, 7.15, '5,7', 5, 5.78, 143, 150.15, 1),
(94, 108, 12.6, 2.4, '5,7', 5, 0.63, 48, 50.4, 1),
(95, 109, 5.25, 0.75, '5,7', 5, 0.26, 15, 15.75, 1),
(96, 110, 57.75, 4.8, '5,7', 5, 2.89, 96, 100.8, 1),
(97, 111, 120.75, 8.1, '5,7', 5, 6.04, 162, 170.1, 1),
(98, 112, 126, 8.35, '5,7', 5, 6.3, 167, 175.35, 1),
(99, 113, 52.5, 3.85, '5,7', 5, 2.63, 77, 80.85, 1),
(100, 114, 52.5, 3.6, '5,7', 5, 2.63, 72, 75.6, 1),
(101, 116, 75.6, 4.8, '5,7', 5, 3.78, 96, 100.8, 1),
(102, 117, 36.75, 2.4, '5,7', 5, 1.84, 48, 50.4, 1),
(103, 118, 26.25, 1.95, '5,7', 5, 1.31, 39, 40.95, 1),
(104, 119, 173.25, 10, '5,7', 5, 8.66, 200, 210, 1),
(105, 120, 7796.25, 414.3, '5,7', 2, 155.93, 8286, 8700.3, 1),
(106, 121, 8268.75, 471.45, '5,7', 5, 413.44, 9429, 9900.45, 1),
(107, 122, 7901.25, 447.65, '5,7', 5, 395.06, 8953, 9400.65, 1),
(108, 123, 14463.8, 823.85, '5,7', 5, 723.19, 16477, 17300.8, 1),
(109, 125, 11786.2, 666.7, '5,7', 5, 589.31, 13334, 14000.7, 1),
(110, 126, 10053.8, 571.45, '5,7', 5, 502.69, 11429, 12000.5, 1),
(111, 127, 11838.8, 671.45, '5,7', 5, 591.94, 13429, 14100.5, 1),
(112, 128, 13676.2, 776.2, '5,7', 5, 683.81, 15524, 16300.2, 1),
(113, 129, 9266.25, 528.6, '5,7', 5, 463.31, 10572, 11100.6, 1),
(114, 130, 7271.25, 447.65, '5,7', 5, 363.56, 8953, 9400.65, 1),
(115, 131, 7166.25, 409.55, '5,7', 5, 358.31, 8191, 8600.55, 1),
(116, 132, 5738.25, 314.3, '5,7', 5, 286.91, 6286, 6600.3, 1),
(117, 133, 5381.25, 304.8, '5,7', 5, 269.06, 6096, 6400.8, 1),
(118, 134, 5076.75, 276.2, '5,7', 5, 253.84, 5524, 5800.2, 1),
(119, 135, 5617.5, 309.55, '5,7', 5, 280.88, 6191, 6500.55, 1),
(120, 136, 4284, 233.35, '5,7', 5, 214.2, 4667, 4900.35, 1),
(121, 137, 5475.75, 300, '5,7', 5, 273.79, 6000, 6300, 1),
(122, 138, 5370.75, 295.25, '5,7', 5, 268.54, 5905, 6200.25, 1),
(123, 139, 3596.25, 195.25, '5,7', 5, 179.81, 3905, 4100.25, 1),
(124, 140, 12316.5, 666.7, '5,7', 5, 615.83, 13334, 14000.7, 1),
(125, 141, 6268.5, 342.9, '5,7', 5, 313.43, 6858, 7200.9, 1),
(126, 142, 4987.5, 261.95, '5,7', 5, 249.38, 5239, 5500.95, 1),
(127, 143, 4446.75, 266.7, '5,7', 5, 222.34, 5334, 5600.7, 1),
(128, 144, 2493.75, 145.25, '5,7', 5, 124.69, 2905, 3050.25, 1),
(129, 145, 2861.25, 166.7, '5,7', 5, 143.06, 3334, 3500.7, 1),
(130, 146, 2289, 133.35, '5,7', 5, 114.45, 2667, 2800.35, 1),
(131, 147, 2415, 140.5, '5,7', 5, 120.75, 2810, 2950.5, 1),
(132, 148, 2583, 150, '5,7', 5, 129.15, 3000, 3150, 1),
(133, 150, 2651.25, 154.8, '5,7', 5, 132.56, 3096, 3250.8, 1),
(134, 151, 2756.25, 161.95, '5,7', 5, 137.81, 3239, 3400.95, 1),
(135, 152, 3307.5, 192.9, '5,7', 5, 165.38, 3858, 4050.9, 1),
(136, 153, 2677.5, 157.15, '5,7', 5, 0, 3143, 3300.15, 1),
(137, 154, 3570, 207.15, '5,7', 5, 178.5, 4143, 4350.15, 1),
(138, 155, 3097.5, 181, '5,7', 5, 154.88, 3620, 3801, 1),
(139, 156, 2992.5, 173.85, '5,7', 5, 149.63, 3477, 3650.85, 1),
(140, 157, 2966.25, 173.85, '5,7', 5, 148.31, 3477, 3650.85, 1),
(141, 158, 2992.5, 176.2, '5,7', 5, 149.63, 3524, 3700.2, 1),
(142, 159, 3071.25, 178.6, '5,7', 5, 153.56, 3572, 3750.6, 1),
(143, 160, 3470.25, 200, '5,7', 5, 173.51, 4000, 4200, 1),
(144, 161, 3627.75, 209.55, '5,7', 5, 181.39, 4191, 4400.55, 1),
(145, 162, 3412.5, 197.65, '5,7', 5, 170.63, 3953, 4150.65, 1),
(146, 163, 3360, 195.25, '5,7', 5, 168, 3905, 4100.25, 1),
(147, 164, 3444, 200, '5,7', 5, 172.2, 4000, 4200, 1),
(148, 165, 3444, 200, '5,7', 2, 68.88, 4000, 4200, 1),
(149, 166, 3360, 195.25, '5,7', 5, 168, 3905, 4100.25, 1),
(150, 167, 3612, 207.15, '5,7', 5, 180.6, 4143, 4350.15, 1),
(151, 168, 3528, 202.4, '5,7', 5, 176.4, 4048, 4250.4, 1),
(152, 169, 3638.25, 209.55, '5,7', 10, 363.82, 4191, 4400.55, 1),
(153, 170, 3580.5, 204.8, '5,7', 5, 179.03, 4096, 4300.8, 1),
(154, 171, 3612, 207.15, '5,7', 5, 180.6, 4143, 4350.15, 1),
(155, 172, 3727.5, 207.15, '5,7', 5, 186.38, 4143, 4350.15, 1),
(156, 173, 3554.25, 200, '5,7', 5, 177.71, 4000, 4200, 1),
(157, 174, 3496.5, 200, '5,7', 5, 174.82, 4000, 4200, 1),
(158, 175, 4221, 245.25, '5,7', 5, 211.05, 4905, 5150.25, 1),
(159, 176, 4042.5, 235.75, '5,7', 5, 202.13, 4715, 4950.75, 1),
(160, 177, 4105.5, 238.1, '5,7', 5, 205.28, 4762, 5000.1, 1),
(161, 178, 4137, 240.5, '5,7', 5, 206.85, 4810, 5050.5, 1),
(162, 179, 3554.25, 204.8, '5,7', 5, 177.71, 4096, 4300.8, 1),
(163, 180, 3664.5, 209.55, '5,7', 5, 183.22, 4191, 4400.55, 1),
(164, 181, 3685.5, 211.95, '5,7', 5, 184.28, 4239, 4450.95, 1),
(165, 182, 2709, 154.8, '5,7', 5, 135.45, 3096, 3250.8, 1),
(166, 183, 2530.5, 142.9, '5,7', 5, 126.53, 2858, 3000.9, 1),
(167, 184, 3612, 207.15, '5,7', 5, 180.6, 4143, 4350.15, 1),
(168, 185, 3612, 207.15, '5,7', 5, 180.6, 4143, 4350.15, 1),
(169, 186, 3386.25, 190.5, '5,7', 5, 169.31, 3810, 4000.5, 1),
(170, 187, 3386.25, 190.5, '5,7', 5, 169.31, 3810, 4000.5, 1),
(171, 188, 3554.25, 204.8, '5,7', 5, 177.71, 4096, 4300.8, 1),
(172, 189, 3496.5, 202.4, '5,7', 5, 174.82, 4048, 4250.4, 1),
(173, 190, 3638.25, 209.55, '5,7', 5, 181.91, 4191, 4400.55, 1),
(174, 191, 3386.25, 190.5, '5,7', 5, 169.31, 3810, 4000.5, 1),
(175, 192, 3386.25, 190.5, '5,7', 5, 169.31, 3810, 4000.5, 1),
(176, 193, 3664.5, 209.55, '5,7', 5, 183.22, 4191, 4400.55, 1),
(177, 194, 3554.25, 204.8, '5,7', 5, 177.71, 4096, 4300.8, 1),
(178, 200, 3627.75, 209.55, '5,7', 5, 181.39, 4191, 4400.55, 1),
(179, 203, 2756.25, 157.15, '5,7', 5, 137.81, 3143, 3300.15, 1),
(180, 206, 3496.5, 202.4, '5,7', 5, 174.82, 4048, 4250.4, 1),
(181, 208, 3470.25, 200, '5,7', 5, 173.51, 4000, 4200, 1),
(182, 210, 3045, 176.2, '5,7', 5, 152.25, 3524, 3700.2, 1),
(183, 220, 3638.25, 209.55, '5,7', 5, 181.91, 4191, 4400.55, 1),
(184, 222, 3097.5, 181, '5,7', 5, 154.88, 3620, 3801, 1),
(185, 223, 4200, 242.9, '5,7', 5, 210, 4858, 5100.9, 1),
(186, 225, 3612, 207.15, '5,7', 5, 180.6, 4143, 4350.15, 1),
(187, 226, 3129, 171.45, '5,7', 5, 156.45, 3429, 3600.45, 1),
(188, 227, 3150, 171.45, '5,7', 5, 157.5, 3429, 3600.45, 1),
(189, 228, 3097.5, 178.6, '5,7', 5, 154.88, 3572, 3750.6, 1),
(190, 232, 25265.4, 1571.5, '5,7', 5, 1263.27, 31430, 33001.5, 1),
(191, 233, 19125, 1147.65, '5,7', 5, 956.25, 22953, 24100.7, 1),
(192, 234, 6969, 428.6, '5,7', 5, 348.45, 8572, 9000.6, 1),
(193, 240, 7318.5, 428.6, '5,7', 5, 365.93, 8572, 9000.6, 1),
(194, 241, 5292, 428.6, '5,7', 5, 264.6, 8572, 9000.6, 1),
(195, 242, 21210, 1190.5, '5,7', 5, 1060.5, 23810, 25000.5, 1),
(196, 245, 89.76, 7.15, '5,7', 2, 1.8, 143, 150.15, 1),
(197, 247, 107.1, 7.65, '5,7', 5, 5.36, 153, 160.65, 1),
(198, 250, 382.5, 27.15, '5,7', 2, 7.65, 543, 570.15, 1),
(199, 251, 193.8, 23.85, '5,7', 5, 9.69, 477, 500.85, 1),
(200, 252, 168.3, 12.4, '5,7', 5, 8.41, 248, 260.4, 1),
(201, 253, 112.2, 9.55, '5,7', 5, 5.61, 191, 200.55, 1),
(202, 254, 112.2, 9.55, '5,7', 5, 5.61, 191, 200.55, 1),
(203, 255, 142.8, 9.55, '5,7', 5, 7.14, 191, 200.55, 1),
(204, 256, 290.7, 19.05, '5,7', 5, 14.54, 381, 400.05, 1),
(205, 257, 51, 4.3, '5,7', 5, 2.55, 86, 90.3, 1),
(206, 258, 73.44, 4.8, '5,7', 5, 3.67, 96, 100.8, 1),
(207, 259, 26.52, 1.7, '5,7', 5, 1.33, 34, 35.7, 1),
(208, 260, 73.44, 4.8, '5,7', 5, 3.67, 96, 100.8, 1),
(209, 261, 158.1, 9.55, '5,7', 5, 7.91, 191, 200.55, 1),
(210, 262, 158.1, 10.25, '5,7', 5, 7.91, 205, 215.25, 1),
(211, 263, 4712.4, 309.55, '5,7', 5, 235.62, 6191, 6500.55, 1),
(212, 266, 15580.5, 1071.45, '5,7', 5, 779.02, 21429, 22500.4, 1),
(213, 267, 4998, 323.85, '5,7', 5, 249.9, 6477, 6800.85, 1),
(214, 268, 11347.5, 690.5, '5,7', 5, 567.38, 13810, 14500.5, 1),
(215, 269, 13030.5, 742.9, '5,7', 5, 651.52, 14858, 15600.9, 1),
(216, 286, 4178.94, 261.95, '5,7', 5, 208.95, 5239, 5500.95, 1),
(217, 287, 4178.94, 261.95, '5,7', 5, 208.95, 5239, 5500.95, 1),
(218, 288, 4502.28, 285.75, '5,7', 5, 225.11, 5715, 6000.75, 1),
(219, 289, 4502.28, 285.75, '5,7', 5, 225.11, 5715, 6000.75, 1),
(220, 290, 5118.36, 323.85, '5,7', 5, 255.92, 6477, 6800.85, 1),
(221, 291, 5118.36, 323.85, '5,7', 5, 255.92, 6477, 6800.85, 1),
(222, 292, 7568.4, 461.95, '5,7', 5, 378.42, 9239, 9700.95, 1),
(223, 293, 7568.4, 461.95, '5,7', 5, 378.42, 9239, 9700.95, 1),
(224, 294, 8271.18, 728.6, '5,7', 5, 413.56, 14572, 15300.6, 1),
(225, 295, 8271.18, 514.35, '5,7', 5, 413.56, 10287, 10801.3, 1),
(226, 296, 8271.18, 514.35, '5,7', 5, 413.56, 10287, 10801.3, 1),
(227, 297, 8271.18, 514.35, '5,7', 5, 413.56, 10287, 10801.3, 1),
(228, 298, 9655.32, 595.25, '5,7', 5, 482.77, 11905, 12500.2, 1),
(229, 299, 10482.5, 642.9, '5,7', 5, 524.13, 12858, 13500.9, 1),
(230, 300, 10482.5, 642.9, '5,7', 5, 524.13, 12858, 13500.9, 1),
(231, 301, 12483.8, 761.95, '5,7', 5, 624.19, 15239, 16001, 1),
(232, 302, 8357.88, 509.55, '5,7', 5, 417.89, 10191, 10700.5, 1),
(233, 303, 8357.88, 509.55, '5,7', 5, 417.89, 10191, 10700.5, 1),
(234, 305, 11814.7, 728.6, '5,7', 5, 590.73, 14572, 15300.6, 1),
(235, 306, 13099.9, 795.25, '5,7', 5, 654.99, 15905, 16700.2, 1),
(236, 308, 7330.74, 500, '5,7', 5, 366.54, 10000, 10500, 1),
(237, 309, 7330.74, 447.65, '5,7', 5, 366.54, 8953, 9400.65, 1),
(238, 310, 12195.8, 628.6, '5,7', 2, 243.91, 12572, 13200.6, 1),
(239, 312, 11665.5, 604.8, '5,7', 2, 233.31, 12096, 12700.8, 1),
(240, 316, 15642.4, 842.9, '5,7', 2, 312.85, 16858, 17700.9, 1),
(241, 319, 975, 0, '11', 5, 48.75, 1500, 1500, 1),
(242, 320, 950, 0, '11', 5, 47.5, 1450, 1450, 1),
(243, 321, 900, 0, '', 5, 45, 1400, 1400, 1),
(244, 322, 1627.5, 109.55, '5,7', 5, 81.38, 2191, 2300.55, 1),
(245, 335, 7216.5, 476.25, '5,7', 5, 360.82, 9525, 10001.2, 1),
(246, 334, 6987, 442.9, '5,7', 5, 349.35, 8858, 9300.9, 1),
(247, 332, 7267.5, 476.25, '5,7', 5, 363.38, 9525, 10001.2, 1),
(248, 333, 7930.5, 500, '5,7', 5, 396.52, 10000, 10500, 1);

-- --------------------------------------------------------

--
-- Table structure for table `master_inventory`
--

CREATE TABLE IF NOT EXISTS `master_inventory` (
  `InventoryID` int(11) NOT NULL AUTO_INCREMENT,
  `Date` date DEFAULT NULL,
  `InvoiceNumber` varchar(100) DEFAULT NULL,
  `SupplierID` int(11) DEFAULT NULL,
  `TransportationPrice` float DEFAULT NULL,
  `TotalPrice` float DEFAULT NULL,
  `Note` text,
  `Active` int(11) DEFAULT '1',
  PRIMARY KEY (`InventoryID`)
) ENGINE=InnoDB  DEFAULT CHARSET=latin1 AUTO_INCREMENT=43 ;

--
-- Dumping data for table `master_inventory`
--

INSERT INTO `master_inventory` (`InventoryID`, `Date`, `InvoiceNumber`, `SupplierID`, `TransportationPrice`, `TotalPrice`, `Note`, `Active`) VALUES
(1, '2015-10-07', 'T/54', 5, 0, 5964, '', 1),
(2, '2015-11-07', 'T/52', 5, 0, 63918.8, '', 1),
(3, '2015-11-07', 'T/53', 5, 0, 170389, '', 1),
(4, '2015-11-07', 'T/51', 5, 0, 19656, '', 1),
(5, '2015-11-07', 'T/50', 5, 0, 144695, '', 1),
(6, '2015-10-06', 'T/49', 5, 0, 103876, '', 1),
(7, '2015-11-06', 'T/48', 5, 0, 50289.8, '', 1),
(8, '2015-10-06', 'T/47', 5, 0, 42420, '', 1),
(9, '2015-10-06', 'T/46', 5, 0, 22249.5, '', 1),
(10, '2015-11-07', 'T/61', 4, 0, 59892, '', 1),
(11, '2015-10-07', 'T/60', 4, 0, 75631.5, '', 1),
(12, '2015-10-07', 'T/59', 4, 0, 19866, '', 1),
(13, '2015-10-07', 'T/58', 4, 0, 104585, '', 1),
(14, '2015-10-07', 'T/57', 4, 0, 119149, '', 1),
(15, '2015-10-07', 'T/56', 4, 0, 15062.2, '', 1),
(16, '2015-10-07', 'T/55', 4, 0, 94710, '', 1),
(17, '2015-10-06', 'T/54', 4, 0, 40477.5, '', 1),
(18, '2015-10-06', 'T/53', 4, 0, 22548.8, '', 1),
(19, '2015-10-06', 'T/52', 4, 0, 28974.8, '', 1),
(20, '2015-10-06', 'T/51', 4, 0, 156608, '', 1),
(21, '2015-10-06', 'T/50', 4, 0, 142259, '', 1),
(22, '2015-10-06', 'T/49', 4, 0, 142564, '', 1),
(23, '2015-10-08', 'T/369', 6, 2625, 126819, '', 1),
(24, '2015-10-08', 'T370', 6, 3900.5, 186506, '', 1),
(25, '2015-10-11', 'T/55', 5, 0, 23100, '', 1),
(26, '2015-10-12', '5547', 9, 0.1, 83176, '', 1),
(27, '2015-10-13', 'WH-1102', 8, 0, 69690, '', 1),
(28, '2015-10-16', 'T/63', 4, 0, 68985, '', 1),
(29, '2015-10-17', 'T/57', 5, 0, 51240, '', 1),
(30, '2015-10-19', 'T/57', 5, 0, 65751, '', 1),
(31, '2015-11-15', '5592', 9, 0, 26979, '', 1),
(32, '2015-10-15', '5591', 9, 0.3, 190827, '', 1),
(33, '2015-10-21', 'T/390', 6, 375, 18099, '', 1),
(34, '2015-10-21', 'T/59', 5, 0, 13736.1, '', 1),
(35, '2015-10-16', '0466', 10, 0.48, 201910, '', 1),
(36, '2015-10-23', 'T/61', 5, 0, 108489, '', 1),
(37, '2015-10-23', 'T/62', 5, 0.53, 15133.1, '', 1),
(38, '2015-10-23', 'TFDR 16', 4, 0, 11300, '', 1),
(39, '2015-10-25', 'T/66', 4, 0, 18060, '', 1),
(40, '2015-10-30', 'T411', 6, 225.5, 11723, '', 1),
(41, '2015-10-06', 'T/48', 4, 0, 2304.75, '', 1),
(42, '2015-11-23', '5679', 9, 0, 58803, '', 1);

-- --------------------------------------------------------

--
-- Table structure for table `master_inventory_child`
--

CREATE TABLE IF NOT EXISTS `master_inventory_child` (
  `InventoryChildID` int(11) NOT NULL AUTO_INCREMENT,
  `InventoryID` int(11) DEFAULT NULL,
  `Parents` int(11) DEFAULT '0',
  `Type` varchar(100) DEFAULT 'cycle',
  `CompanyName` int(11) DEFAULT NULL,
  `ModalName` varchar(100) DEFAULT NULL,
  `Color` varchar(100) DEFAULT NULL,
  `Size` varchar(100) DEFAULT NULL,
  `ItemName` varchar(100) DEFAULT NULL,
  `OrgBasicPrice` float DEFAULT NULL,
  `OrgTaxPrice` float DEFAULT NULL,
  `TransportationPrice` float DEFAULT NULL,
  `OrgDiscountPrice` float DEFAULT NULL,
  `OrgSchemePrice` float DEFAULT NULL,
  `OrgTaxApplied` varchar(100) DEFAULT NULL,
  `OrgQuantity` int(11) DEFAULT NULL,
  `Quantity` int(11) DEFAULT NULL,
  `Active` int(11) DEFAULT '1',
  PRIMARY KEY (`InventoryChildID`)
) ENGINE=InnoDB  DEFAULT CHARSET=latin1 AUTO_INCREMENT=336 ;

--
-- Dumping data for table `master_inventory_child`
--

INSERT INTO `master_inventory_child` (`InventoryChildID`, `InventoryID`, `Parents`, `Type`, `CompanyName`, `ModalName`, `Color`, `Size`, `ItemName`, `OrgBasicPrice`, `OrgTaxPrice`, `TransportationPrice`, `OrgDiscountPrice`, `OrgSchemePrice`, `OrgTaxApplied`, `OrgQuantity`, `Quantity`, `Active`) VALUES
(2, 2, 0, 'cycle', 10, 'BLUES 1.1', 'SILVER', 'MEDIUM', 'Select Item Name', 14410, 720.5, 0, 0, 0, '5,7', 1, 1, 1),
(3, 2, 0, 'cycle', 10, 'TRANCE', 'BLUE', 'MEDIUM', 'Select Item Name', 11845, 592.25, 0, 0, 0, '5,7', 1, 1, 1),
(4, 2, 0, 'cycle', 9, 'MACH CITY I BIKE', 'RED', '26"', 'Select Item Name', 4430, 886, 0, 0, 0, '5,7', 4, 4, 1),
(5, 2, 0, 'cycle', 9, 'MACH CITY', 'GREEN', '700', 'Select Item Name', 3380, 845, 0, 0, 0, '5,7', 5, 5, 1),
(6, 3, 0, 'cycle', 16, 'DUAL', 'BLACK', 'LARGE', 'Select Item Name', 15565, 778.25, 0, 0, 0, '5,7', 1, 1, 1),
(7, 3, 0, 'cycle', 10, 'DTR 20', 'YELLOW', '20"', 'Select Item Name', 7110, 355.5, 0, 0, 0, '5,7', 1, 1, 1),
(8, 3, 0, 'cycle', 10, 'TRANCE PRO', 'BLACK', 'MEDIUM', 'Select Item Name', 11330, 566.5, 0, 0, 0, '5,7', 1, 1, 1),
(9, 3, 0, 'cycle', 10, 'UNPLUGGED', 'RED', 'LARGE', 'Select Item Name', 16480, 824, 0, 0, 0, '5,7', 1, 1, 1),
(10, 3, 2, 'cycle', 10, 'BLUES 1.1', 'SILVER', 'MEDIUM', 'Select Item Name', 14410, 720.5, 0, 0, 0, '5,7', 1, 1, 1),
(11, 3, 0, 'cycle', 10, 'BLUES 1.1', 'SILVER', 'SMALL', 'Select Item Name', 14410, 720.5, 0, 0, 0, '5,7', 1, 1, 1),
(12, 3, 0, 'cycle', 10, 'CELTIC 2.1', 'RED', 'MEDIUM', 'Select Item Name', 23175, 1158.75, 0, 0, 0, '5,7', 1, 1, 1),
(13, 3, 0, 'cycle', 10, 'DTR 24', 'BLACK', 'MEDIUM', 'Select Item Name', 8060, 806, 0, 0, 0, '5,7', 2, 2, 1),
(14, 3, 0, 'cycle', 10, 'ROCK 1.1', 'GREY', 'MEDIUM', 'Select Item Name', 14320, 716, 0, 0, 0, '5,7', 1, 1, 1),
(15, 3, 0, 'cycle', 14, 'MONTANA SPORTS', 'ORRANGE', 'MEDIUM', 'Select Item Name', 9785, 1467.75, 0, 0, 0, '5,7', 3, 3, 1),
(16, 4, 0, 'cycle', 9, 'ROCKY', 'BLUE', '26"', 'Select Item Name', 3110, 311, 0, 0, 0, '5,7', 2, 2, 1),
(17, 4, 0, 'cycle', 9, 'RODEO TURNER VX (M.S.)', 'ORRANGE', '26"', 'Select Item Name', 6250, 625, 0, 0, 0, '5,7', 2, 2, 1),
(18, 5, 0, 'cycle', 10, 'TRANCE PRO', 'BLUE', 'MEDIUM', 'Select Item Name', 11000, 550, 0, 0, 0, '5,7', 1, 1, 1),
(19, 5, 0, 'cycle', 9, 'RODEO A 100 VX (M.SPEED)', 'WHITE', '26"', 'Select Item Name', 8710, 435.5, 0, 0, 0, '5,7', 1, 1, 1),
(20, 5, 0, 'cycle', 9, 'ATOM ZX 18 SPEED (M.S.)', 'RED', '26"', 'Select Item Name', 5390, 269.5, 0, 0, 0, '5,7', 1, 1, 1),
(21, 5, 0, 'cycle', 9, 'ATOM ZX 6 SPEED (M.S.)', 'RED', '26"', 'Select Item Name', 5150, 257.5, 0, 0, 0, '5,7', 1, 1, 1),
(22, 5, 0, 'cycle', 9, 'DYNAMITE ZX', 'RED', '26"', 'Select Item Name', 4120, 824, 0, 0, 0, '5,7', 4, 4, 1),
(23, 5, 0, 'cycle', 9, 'SPARTA ZX', 'BLACK-GREEN', '26"', 'Select Item Name', 4190, 419, 0, 0, 0, '5,7', 2, 2, 1),
(24, 5, 0, 'cycle', 9, 'SPARTA ZX', 'BLACK-GREEN', '24"', 'Select Item Name', 4150, 415, 0, 0, 0, '5,7', 2, 2, 1),
(25, 5, 0, 'cycle', 9, 'CYBOT', 'GREEN-BLACK', '20"', 'Select Item Name', 3250, 650, 0, 0, 0, '5,7', 4, 4, 1),
(26, 5, 0, 'cycle', 9, 'DYNAMITE ZX', 'RED', '24', 'Select Item Name', 4070, 407, 0, 0, 0, '5,7', 2, 2, 1),
(27, 5, 0, 'cycle', 9, 'ROCKY ZX', 'RED', '24"', 'Select Item Name', 3860, 386, 0, 0, 0, '5,7', 2, 2, 1),
(28, 5, 0, 'cycle', 9, 'RODEO WAYFINDER (M.S.)', 'BLACK-GREEN', '26"', 'Select Item Name', 6595, 329.75, 0, 0, 0, '5,7', 1, 1, 1),
(29, 5, 0, 'cycle', 9, 'RODEO GEOLANDER (M.S./F.D.)', 'WHITE', '24"', 'Select Item Name', 7670, 383.5, 0, 0, 0, '5,7', 1, 1, 1),
(30, 5, 0, 'cycle', 9, 'RODEO GEOLANDER (M.S./F.D.)', 'WHITE', '26"', 'Select Item Name', 8080, 404, 0, 0, 0, '5,7', 1, 1, 1),
(31, 5, 0, 'cycle', 9, 'RODEO NFS PRO (M.S. / F.D.)', 'RED', '26"', 'Select Item Name', 8130, 406.5, 0, 0, 0, '5,7', 1, 1, 1),
(32, 5, 0, 'cycle', 9, 'TOONZ', 'PINK-BLUE', '20"', 'Select Item Name', 2740, 274, 0, 0, 0, '5,7', 2, 2, 1),
(33, 5, 0, 'cycle', 9, 'KNIGHT HUNTER', 'BLACK', '26"', 'Select Item Name', 4790, 479, 0, 0, 0, '5,7', 2, 2, 1),
(34, 1, 0, 'cycle', 9, 'DYNOX', 'BLUE', '20"', 'Select Item Name', 2840, 284, 0, 0, 0, '5,7', 2, 2, 1),
(35, 6, 9, 'cycle', 10, 'UNPLUGGED', 'RED', 'LARGE', 'Select Item Name', 16160, 2424, 0, 0, 0, '5,7', 3, 3, 1),
(36, 6, 12, 'cycle', 10, 'CELTIC 2.1', 'RED', 'MEDIUM', 'Select Item Name', 22725, 1136.25, 0, 0, 0, '5,7', 1, 1, 1),
(37, 6, 0, 'cycle', 10, 'CELTIC 2.2', 'YELLOW-BLACK', 'MEDIUM', 'Select Item Name', 27725, 1386.25, 0, 0, 0, '5,7', 1, 1, 1),
(38, 7, 6, 'cycle', 16, 'DUAL', 'BLACK', 'LARGE', 'Select Item Name', 15965, 2394.75, 0, 0, 0, '5,7', 3, 3, 1),
(39, 8, 0, 'cycle', 20, 'SUPER SPORTS WOMAN', 'BLUE', 'MEDIUM', 'Select Item Name', 20200, 2020, 0, 0, 0, '5,7', 2, 2, 1),
(40, 9, 0, 'cycle', 10, 'ROCK 1.0', 'BLUE', 'MEDIUM', 'Select Item Name', 10595, 1059.5, 0, 0, 0, '5,7', 2, 2, 1),
(41, 10, 0, 'cycle', 11, 'TRIGGER (S.S. / F.D.)', 'BLACK (M.FINISH)', '24"', 'Select Item Name', 5020, 502, 0, 0, 0, '5,7', 2, 2, 1),
(42, 10, 0, 'cycle', 11, 'TRIGGER (M.S. / F.D.)', 'BLACK (M.FINISH)', '24"', 'Select Item Name', 4750, 475, 0, 0, 0, '5,7', 2, 2, 1),
(43, 10, 0, 'cycle', 11, 'DIRT MAX (S.S.)', 'GREEN', '24"', 'Select Item Name', 5875, 587.5, 0, 0, 0, '5,7', 2, 2, 1),
(44, 10, 0, 'spare', 11, '0', '0', 'Select', 'HELEMT G 30', 515, 1287.5, 0, 0, 0, '5,7', 50, 50, 1),
(45, 11, 0, 'cycle', 15, 'JUST BIKE (S.S.)', 'WHITE', '26"', 'Select Item Name', 4802, 3601.5, 0, 0, 0, '5,7', 15, 15, 1),
(46, 12, 0, 'cycle', 19, 'STAR', 'MULTI', '16"', 'Select Item Name', 1580, 316, 0, 0, 0, '5,7', 4, 4, 1),
(47, 12, 0, 'cycle', 19, 'STAR', 'MULTI', '14"', 'Select Item Name', 1260, 315, 0, 0, 0, '5,7', 5, 5, 1),
(48, 12, 0, 'cycle', 19, 'BMX', 'MULTI', '14"', 'Select Item Name', 1260, 315, 0, 0, 0, '5,7', 5, 5, 1),
(49, 13, 0, 'cycle', 11, 'SENSO', 'WHITE', '26"', 'Select Item Name', 4420, 1768, 0, 0, 0, '5,7', 8, 8, 1),
(50, 13, 0, 'cycle', 11, 'STYLOUS (S.S.)', 'BLUE (M.FINISH)', '26"', 'Select Item Name', 4575, 915, 0, 0, 0, '5,7', 4, 4, 1),
(51, 13, 0, 'cycle', 12, 'MISCEO 1.0 (S.S.)', 'BLACK (M.FINISH)', '27.5', 'Select Item Name', 7025, 1405, 0, 0, 0, '5,7', 4, 4, 1),
(52, 13, 0, 'spare', 11, '0', '0', 'select', 'TYRE 700 * 32C (MAXXIS) ', 425, 42.5, 0, 0, 0, '5,7', 2, 2, 1),
(53, 13, 0, 'spare', 11, '0', '0', 'select', 'BICYCLE STAND REPAIR', 4850, 242.5, 0, 0, 0, '5,7', 1, 1, 1),
(54, 13, 0, 'spare', 11, '0', '0', 'select', 'BICYCLE STAND WALL HANGING SINGLE', 290, 348, 0, 0, 0, '5,7', 24, 24, 1),
(55, 13, 0, 'spare', 11, '0', '0', 'select', 'BICYCLE STAND WALL HANGING DOUBLE - 02', 475, 118.75, 0, 0, 0, '5,7', 5, 5, 1),
(56, 13, 0, 'spare', 11, '0', '0', 'select', 'BICYCLE ACCESSORY GLOVES TOTEM', 325, 32.5, 0, 0, 0, '5,7', 2, 1, 1),
(57, 13, 0, 'spare', 11, '0', '0', 'select', 'CHAIN WHEEL SET TCWC 28/38/48 T', 230, 23, 0, 0, 0, '5,7', 2, 2, 1),
(58, 13, 0, 'spare', 11, '0', '0', 'select', 'TUBE 700 * 35-45 C (MAXXIS)', 170, 85, 0, 0, 0, '5,7', 10, 10, 1),
(59, 14, 49, 'cycle', 11, 'SENSO', 'WHITE', '26"', 'Select Item Name', 4420, 884, 0, 0, 0, '5,7', 4, 4, 1),
(60, 14, 0, 'cycle', 11, 'EQUINOX (M.S.)', 'RED', '700', 'Select Item Name', 8275, 827.5, 0, 0, 0, '5,7', 2, 2, 1),
(61, 14, 0, 'cycle', 12, 'MY RIDE (S.S.)', 'BLACK', '26"', 'Select Item Name', 4120, 2060, 0, 0, 0, '5,7', 10, 10, 1),
(62, 14, 0, 'cycle', 12, 'MY RIDE (M.S.)', 'WHITE', '26"', 'Select Item Name', 4975, 995, 0, 0, 0, '5,7', 4, 4, 1),
(63, 14, 0, 'spare', 11, '0', '0', 'select', 'TYRE 700 *35 C MAXXIS', 495, 49.5, 0, 0, 0, '5,7', 2, 2, 1),
(64, 14, 0, 'spare', 11, '0', '0', 'select', 'TYRE 700 *23 C MAXXIS FOLDABLE', 715, 71.5, 0, 0, 0, '5,7', 2, 2, 1),
(65, 14, 0, 'spare', 11, '0', '0', 'select', 'TUBE 700 * 18-25 C MAXXIS', 170, 17, 0, 0, 0, '5,7', 2, 2, 1),
(66, 14, 0, 'spare', 11, '0', '0', 'select', 'TYRE 700 * 35 C KENDA', 260, 26, 0, 0, 0, '5,7', 2, 2, 1),
(67, 14, 0, 'spare', 11, '0', '0', 'select', 'TYRE 700 * 23 C KENDA', 225, 22.5, 0, 0, 0, '5,7', 2, 2, 1),
(68, 14, 0, 'spare', 11, '0', '0', 'select', 'KNEE GUARD PVC ADULT (POLLISPORT)', 1550, 155, 0, 0, 0, '5,7', 2, 2, 1),
(69, 14, 0, 'spare', 11, '0', '0', 'select', 'BICYCLE LOCK', 235, 117.5, 0, 0, 0, '5,7', 10, 10, 1),
(70, 14, 0, 'spare', 11, '0', '0', 'select', 'KNEE GUARD PVC JUNIOR  (POLLISPORT)', 895, 44.75, 0, 0, 0, '5,7', 1, 1, 1),
(71, 14, 0, 'spare', 11, '0', '0', 'select', 'CAR RACK STEEL', 2100, 105, 0, 0, 0, '5,7', 1, 1, 1),
(72, 14, 0, 'spare', 11, '0', '0', 'select', 'LIGHT XC 606 T', 90, 22.5, 0, 0, 0, '5,7', 5, 5, 1),
(73, 14, 0, 'spare', 11, '0', '0', 'select', 'LIGHT XC 735 A', 145, 72.5, 0, 0, 0, '5,7', 10, 10, 1),
(74, 14, 0, 'spare', 11, '0', '0', 'select', 'LIGHT XC 767 F', 115, 57.5, 0, 0, 0, '5,7', 10, 10, 1),
(75, 14, 0, 'spare', 11, '0', '0', 'select', 'LIGHT XC 998 W', 115, 57.5, 0, 0, 0, '5,7', 10, 10, 1),
(76, 14, 0, 'spare', 11, '0', '0', 'select', 'LIGHT HL 112 W', 885, 88.5, 0, 0, 0, '5,7', 2, 2, 1),
(77, 15, 0, 'spare', 11, '0', '0', 'Select', 'LIGHT HL 105 W', 775, 193.75, 0, 0, 0, '5,7', 5, 5, 1),
(78, 15, 0, 'spare', 11, '0', '0', 'Select', 'TOP TUBE BAG TOTEM', 375, 37.5, 0, 0, 0, '5,7', 2, 2, 1),
(79, 15, 0, 'spare', 11, '0', '0', 'Select', 'MOBILE HOLDER I PHONE 5 ', 245, 61.25, 0, 0, 0, '5,7', 5, 5, 1),
(80, 15, 0, 'spare', 11, '0', '0', 'Select', 'MOBILE HOLDER I PHONE 6', 250, 62.5, 0, 0, 0, '5,7', 5, 5, 1),
(81, 15, 0, 'spare', 11, '0', '0', 'Select', 'CHAIN GUARD 4/5 HOLE ', 35, 35, 0, 0, 0, '5,7', 20, 20, 1),
(82, 15, 81, 'spare', 11, '0', '0', 'Select', 'CHAIN GUARD 4/5 HOLE ', 35, 35, 0, 0, 0, '5,7', 20, 20, 1),
(83, 15, 0, 'spare', 11, '0', '0', 'Select', 'FREE WHEEL GUARD PVC ', 18, 9, 0, 0, 0, '5,7', 10, 10, 1),
(84, 15, 0, 'spare', 11, '0', '0', 'Select', 'KICK STAND 24-28', 265, 66.25, 0, 0, 0, '5,7', 5, 5, 1),
(85, 15, 0, 'spare', 11, '0', '0', 'Select', 'SIDE STAND 24 - 29 ALLOY BLACK SILVER', 275, 137.5, 0, 0, 0, '5,7', 10, 10, 1),
(86, 15, 0, 'spare', 11, '0', '0', 'Select', 'SIDE STAND 24 - 29 ALLOY BLACK ', 260, 65, 0, 0, 0, '5,7', 5, 5, 1),
(87, 15, 0, 'spare', 11, '0', '0', 'Select', 'SIDE STAND 20', 58, 14.5, 0, 0, 0, '5,7', 5, 5, 1),
(88, 16, 0, 'cycle', 13, 'LAND 8.10 (M.S. / D.D.)', 'MET GREY', '700', 'Select Item Name', 32375, 1618.75, 0, 0, 0, '5,7', 1, 0, 1),
(89, 16, 0, 'cycle', 12, 'MISCEO (M.S.)', 'BLACK (M.FINISH)', '700', 'Select Item Name', 19275, 2891.25, 0, 0, 0, '5,7', 3, 3, 1),
(90, 17, 89, 'cycle', 12, 'MISCEO (M.S.)', 'BLACK (M.FINISH)', '700', 'Select Item Name', 19275, 1927.5, 0, 0, 0, '5,7', 2, 2, 1),
(91, 18, 58, 'spare', 11, '0', '0', 'Select', 'TUBE 700 * 35-45 C (MAXXIS)', 170, 42.5, 0, 0, 0, '5,7', 5, 5, 1),
(92, 18, 0, 'spare', 11, '0', '0', 'Select', 'LIGHT XC-106 R', 150, 37.5, 0, 0, 0, '5,7', 5, 5, 1),
(93, 18, 0, 'spare', 11, '0', '0', 'Select', 'LIGHT XC 700 A', 45, 11.25, 0, 0, 0, '5,7', 5, 5, 1),
(94, 18, 72, 'spare', 11, '0', '0', 'Select', 'LIGHT XC 606 T', 90, 22.5, 0, 0, 0, '5,7', 5, 5, 1),
(95, 18, 0, 'spare', 11, '0', '0', 'Select', 'CARRIER SILVER ALLOY', 425, 106.25, 0, 0, 0, '5,7', 5, 5, 1),
(96, 18, 56, 'spare', 11, '0', '0', 'Select', 'BICYCLE ACCESSORY GLOVES TOTEM', 325, 48.75, 0, 0, 0, '5,7', 3, 3, 1),
(97, 18, 0, 'spare', 11, '0', '0', 'Select', 'BICYCLE PARKING STAND FRONT ', 500, 50, 0, 0, 0, '5,7', 2, 2, 1),
(98, 18, 54, 'spare', 11, '0', '0', 'Select', 'BICYCLE STAND WALL HANGING SINGLE', 290, 290, 0, 0, 0, '5,7', 20, 20, 1),
(99, 18, 55, 'spare', 11, '0', '0', 'Select', 'BICYCLE STAND WALL HANGING DOUBLE - 02', 775, 465, 0, 0, 0, '5,7', 12, 12, 1),
(100, 19, 0, 'spare', 11, '0', '0', 'Select', 'SIDE STAND 24', 62, 15.5, 0, 0, 0, '5,7', 5, 5, 1),
(101, 19, 0, 'spare', 11, '0', '0', 'Select', 'SIDE KICK STAND  ADJUSTABLE  (616-10)', 195, 97.5, 0, 0, 0, '5,7', 10, 10, 1),
(102, 19, 86, 'spare', 11, '0', '0', 'Select', 'SIDE STAND 24 - 29 ALLOY BLACK ', 260, 130, 0, 0, 0, '5,7', 10, 10, 1),
(103, 19, 85, 'spare', 11, '0', '0', 'Select', 'SIDE STAND 24 - 29 ALLOY BLACK SILVER', 275, 137.5, 0, 0, 0, '5,7', 10, 10, 1),
(104, 19, 0, 'spare', 11, '0', '0', 'Select', 'CHAIN 1/2*3/32*116 LINKS', 60, 15, 0, 0, 0, '5,7', 5, 5, 1),
(105, 19, 0, 'spare', 11, '0', '0', 'Select', 'CHAIN 1/2 * 3/32 * 116 LINKS (P-7002)', 115, 28.75, 0, 0, 0, '5,7', 5, 5, 1),
(106, 19, 0, 'spare', 11, '0', '0', 'Select', 'CHAIN 1/2 * 3/32 * 116 LINKS (P-8002)', 160, 40, 0, 0, 0, '5,7', 5, 5, 1),
(107, 19, 0, 'spare', 11, '0', '0', 'Select', 'FREE WHEEL FRICTION FREE 7 SPEED INDEX', 110, 27.5, 0, 0, 0, '5,7', 5, 5, 1),
(108, 19, 0, 'spare', 11, '0', '0', 'Select', 'V BRAKES FITTING SET', 12, 6, 0, 0, 0, '5,7', 10, 10, 1),
(109, 19, 0, 'spare', 11, '0', '0', 'Select', 'V BRAKE BAND PIPE ONLY', 5, 12.5, 0, 0, 0, '5,7', 50, 50, 1),
(110, 19, 0, 'spare', 11, '0', '0', 'Select', 'FORK FITTING R TYPE SET OF 8', 55, 13.75, 0, 0, 0, '5,7', 5, 5, 1),
(111, 19, 0, 'spare', 11, '0', '0', 'Select', 'FORK FITTING (THREAD LESS FORK)', 115, 28.75, 0, 0, 0, '5,7', 5, 5, 1),
(112, 19, 0, 'spare', 11, '0', '0', 'Select', 'SHOCK ALLOY 165 MM ', 120, 30, 0, 0, 0, '5,7', 5, 5, 1),
(113, 19, 0, 'spare', 11, '0', '0', 'Select', 'FRAME BUSH SET COMPLETE SHOCKER', 50, 25, 0, 0, 0, '5,7', 10, 10, 1),
(114, 19, 0, 'spare', 11, '0', '0', 'Select', 'SEAT QUICK RELEASE CLAMP 31.8 MM', 50, 12.5, 0, 0, 0, '5,7', 5, 5, 1),
(115, 19, 44, 'spare', 11, '0', '0', 'Select', 'HELEMT G 20', 925, 462.5, 0, 0, 0, '5,7', 10, 10, 1),
(116, 19, 0, 'spare', 11, '0', '0', 'Select', 'BOTTLE CAGE SILVER FINISH', 72, 72, 0, 0, 0, '5,7', 20, 20, 1),
(117, 19, 0, 'spare', 11, '0', '0', 'Select', 'BOTTLE CAGE PVC COLOURED', 35, 17.5, 0, 0, 0, '5,7', 10, 10, 1),
(118, 19, 0, 'spare', 11, '0', '0', 'Select', 'MUDUARD FITTING ONLY PVC', 25, 125, 0, 0, 0, '5,7', 100, 100, 1),
(119, 19, 0, 'spare', 11, '0', '0', 'Select', 'WATTER BOTTLE 500 ML PVC RALEIGH', 165, 82.5, 0, 0, 0, '5,7', 10, 10, 1),
(120, 20, 0, 'cycle', 11, 'CALDRON - EF (M.S.)', 'WHITE', '24"', 'Select Item Name', 7425, 742.5, 0, 0, 0, '5,7', 2, 2, 1),
(121, 20, 0, 'cycle', 11, 'HAZARD-EF (M.S.)', 'GREEN', '26"', 'Select Item Name', 7875, 787.5, 0, 0, 0, '5,7', 2, 2, 1),
(122, 20, 0, 'cycle', 11, 'CALDRON - EF (M.S.)', 'BLUE', '26', 'Select Item Name', 7525, 752.5, 0, 0, 0, '5,7', 2, 2, 1),
(123, 20, 0, 'cycle', 11, 'LOADED (M.S. / D.D.)', 'WHITE', '26"', 'Select Item Name', 13775, 1377.5, 0, 0, 0, '5,7', 2, 2, 1),
(124, 20, 60, 'cycle', 11, 'EQUINOX (M.S.)', 'RED', '700', 'Select Item Name', 8275, 413.75, 0, 0, 0, '5,7', 1, 1, 1),
(125, 20, 0, 'cycle', 11, 'INNOVATE (M.S.)', 'WHITE', '700', 'Select Item Name', 11225, 561.25, 0, 0, 0, '5,7', 1, 1, 1),
(126, 20, 0, 'cycle', 11, 'DIRT MAX (M.S. / D.D.)', 'BLACK (M.FINISH)', '26"', 'Select Item Name', 9575, 478.75, 0, 0, 0, '5,7', 1, 1, 1),
(127, 20, 0, 'cycle', 12, 'TERRAIN 30 (M.S. / D.D.)', 'BLACK', '26"', 'Select Item Name', 11275, 563.75, 0, 0, 0, '5,7', 1, 1, 1),
(128, 20, 0, 'cycle', 12, 'SHOCKBLAZE (M.S. / F.D.)', 'BLACK (M.FINISH)', '26"', 'Select Item Name', 13025, 651.25, 0, 0, 0, '5,7', 1, 1, 1),
(129, 20, 0, 'cycle', 12, 'MONSTER X MS SPEED EF D.D.', 'WHITE', '24', 'Select Item Name', 8825, 441.25, 0, 0, 0, '5,7', 1, 1, 1),
(130, 20, 0, 'cycle', 11, 'CALDRON (M.S. / D.D.)', 'BLACK (M.FINISH)', '26"', 'Select Item Name', 6925, 346.25, 0, 0, 0, '5,7', 1, 1, 1),
(131, 20, 0, 'cycle', 11, 'SOCCER (M.S. / D.D.)', 'WHITE-BLUE', '26"', 'Select Item Name', 6825, 341.25, 0, 0, 0, '5,7', 1, 1, 1),
(132, 21, 0, 'cycle', 11, 'SOCCER (S.S. / F.D.)', 'YELLOW-RED', '26"', 'Select Item Name', 5465, 546.5, 0, 0, 0, '5,7', 2, 2, 1),
(133, 21, 0, 'cycle', 11, 'SOCCER (S.S.)', 'GREEN-YELLOW', '26"', 'Select Item Name', 5125, 512.5, 0, 0, 0, '5,7', 2, 2, 1),
(134, 21, 0, 'cycle', 11, 'RS 26 (S.S. / F.D.)', 'WHITE', '26"', 'Select Item Name', 4835, 967, 0, 0, 0, '5,7', 4, 4, 1),
(135, 21, 0, 'cycle', 11, 'X TRACK (S.S. / F.D.)', 'YELLOW', '26"', 'Select Item Name', 5350, 535, 0, 0, 0, '5,7', 2, 2, 1),
(136, 21, 0, 'cycle', 11, 'TEENZ', 'GREEN', '20"', 'Select Item Name', 4080, 408, 0, 0, 0, '5,7', 2, 2, 1),
(137, 21, 0, 'cycle', 11, 'U TECH (S.S )', 'WHITE-BLUE', '26"', 'Select Item Name', 5215, 521.5, 0, 0, 0, '5,7', 2, 2, 1),
(138, 21, 0, 'cycle', 11, 'STRATUS (S.S.)', 'WHITE', '26"', 'Select Item Name', 5115, 511.5, 0, 0, 0, '5,7', 2, 2, 1),
(139, 21, 0, 'cycle', 11, 'SX 006', 'RED', '16"', 'Select Item Name', 3425, 513.75, 0, 0, 0, '5,7', 3, 3, 1),
(140, 21, 0, 'cycle', 12, 'CLUBMAN', 'S.BLUE', 'LARGE', 'Select Item Name', 11730, 586.5, 0, 0, 0, '5,7', 1, 1, 1),
(141, 21, 0, 'cycle', 12, 'MONSTER X (S.S.)', 'WHITE-RED', '24"', 'Select Item Name', 5970, 298.5, 0, 0, 0, '5,7', 1, 1, 1),
(142, 21, 0, 'cycle', 17, 'ANTOP / ADDER (F.D.)', 'SILVER', '26"', 'Select Item Name', 4750, 950, 0, 0, 0, '5,7', 4, 4, 1),
(143, 21, 0, 'cycle', 18, 'CRUISER IBC (F.D.)', 'RB', '26"', 'Select Item Name', 4235, 423.5, 0, 0, 0, '5,7', 2, 2, 1),
(144, 22, 0, 'cycle', 15, 'BOW-TIE', 'MULTI', '12"', 'Select Item Name', 2375, 118.75, 0, 0, 0, '5,7', 1, 1, 1),
(145, 22, 0, 'cycle', 15, 'HAPPY', 'MULTI', '16"', 'Select Item Name', 2725, 272.5, 0, 0, 0, '5,7', 2, 2, 1),
(146, 22, 0, 'cycle', 15, 'CUB', 'MULTI', '12', 'Select Item Name', 2180, 327, 0, 0, 0, '5,7', 3, 3, 1),
(147, 22, 0, 'cycle', 15, 'PC', 'MULTI', '12"', 'Select Item Name', 2300, 345, 0, 0, 0, '5,7', 3, 3, 1),
(148, 22, 0, 'cycle', 15, 'BOW-TIE', 'MULTI', '14"', 'Select Item Name', 2460, 369, 0, 0, 0, '5,7', 3, 2, 1),
(149, 22, 146, 'cycle', 15, 'CUB', 'MULTI', '12', 'Select Item Name', 2260, 339, 0, 0, 0, '5,7', 3, 3, 1),
(150, 22, 0, 'cycle', 15, 'HAPPY', 'MULTI', '14"', 'Select Item Name', 2525, 378.75, 0, 0, 0, '5,7', 3, 3, 1),
(151, 22, 0, 'cycle', 15, 'BOW-TIE', 'MULTI', '16"', 'Select Item Name', 2625, 393.75, 0, 0, 0, '5,7', 3, 3, 1),
(152, 22, 0, 'cycle', 15, 'CROWN', 'MULTI', '16"', 'Select Item Name', 3150, 472.5, 0, 0, 0, '5,7', 3, 3, 1),
(153, 22, 0, 'cycle', 15, 'PC', 'MULTI', '16"', 'Select Item Name', 2550, 382.5, 0, 0, 0, '5,7', 3, 3, 1),
(154, 22, 0, 'cycle', 15, 'CROWN', 'MULTI', '20"', 'Select Item Name', 3400, 510, 0, 0, 0, '5,7', 3, 3, 1),
(155, 22, 0, 'cycle', 15, 'CROWN', 'MULTI', '14"', 'Select Item Name', 2950, 590, 0, 0, 0, '5,7', 4, 4, 1),
(156, 22, 0, 'cycle', 15, 'RAPID', 'MULTI', '14"', 'Select Item Name', 2850, 570, 0, 0, 0, '5,7', 4, 4, 1),
(157, 22, 0, 'cycle', 15, 'PACE', 'MULTI', '16"', 'Select Item Name', 2825, 565, 0, 0, 0, '5,7', 4, 4, 1),
(158, 22, 0, 'cycle', 15, 'CX', 'MULTI', '20"', 'Select Item Name', 2850, 570, 0, 0, 0, '5,7', 4, 4, 1),
(159, 22, 0, 'cycle', 15, 'FORCE 10', 'MULTI', '20"', 'Select Item Name', 2925, 585, 0, 0, 0, '5,7', 4, 4, 1),
(160, 23, 0, 'cycle', 8, 'AURA', 'SILVER-BLUE', '24"', 'Select Item Name', 3305, 165.25, 0, 0, 0, '5,7', 1, 1, 1),
(161, 23, 0, 'cycle', 8, 'ELITE', 'HOT RED', '24"', 'Select Item Name', 3455, 172.75, 0, 0, 0, '5,7', 1, 1, 1),
(162, 23, 0, 'cycle', 8, 'MILE STONE', 'GREEN-BLACK', '24"', 'Select Item Name', 3250, 162.5, 0, 0, 0, '5,7', 1, 1, 1),
(163, 23, 0, 'cycle', 8, 'JET LINER', 'COPPER', '24"', 'Select Item Name', 3200, 160, 0, 0, 0, '5,7', 1, 1, 1),
(164, 23, 0, 'cycle', 8, 'CRUZE', 'HOT RED', '24"', 'Select Item Name', 3280, 164, 0, 0, 0, '5,7', 1, 1, 1),
(165, 23, 0, 'cycle', 8, 'CRUZE', 'SILVER-BLUE', '24"', 'Select Item Name', 3280, 164, 0, 0, 0, '5,7', 1, 1, 1),
(166, 23, 0, 'cycle', 8, 'JET LINER', 'SILVER-BLUE', '24"', 'Select Item Name', 3200, 160, 0, 0, 0, '5,7', 1, 1, 1),
(167, 23, 0, 'cycle', 8, 'EXTRUSION', 'BLUE', '24"', 'Select Item Name', 3440, 172, 0, 0, 0, '5,7', 1, 1, 1),
(168, 23, 0, 'cycle', 8, 'CHARM', 'BURGUNDY', '26"', 'Select Item Name', 3360, 168, 0, 0, 0, '5,7', 1, 1, 1),
(169, 23, 0, 'cycle', 8, 'LUST', 'S.BLUE', '26"', 'Select Item Name', 3465, 173.25, 0, 0, 0, '5,7', 1, 1, 1),
(170, 23, 0, 'cycle', 8, 'CHARLIE', 'PURPLE', '26"', 'Select Item Name', 3410, 170.5, 0, 0, 0, '5,7', 1, 1, 1),
(171, 23, 0, 'cycle', 8, 'BEETLE', 'SKY BLUE', '26"', 'Select Item Name', 3440, 172, 0, 0, 0, '5,7', 1, 1, 1),
(172, 23, 0, 'cycle', 8, 'BUTTERFLY', 'PINK', '26"', 'Select Item Name', 3550, 177.5, 0, 0, 0, '5,7', 1, 1, 1),
(173, 23, 0, 'cycle', 8, 'BUTTERFLY', 'BABIE PINK', '24"', 'Select Item Name', 3385, 169.25, 0, 0, 0, '5,7', 1, 1, 1),
(174, 23, 0, 'cycle', 8, 'BEETLE', 'SKY BLUE', '24"', 'Select Item Name', 3330, 166.5, 0, 0, 0, '5,7', 1, 1, 1),
(175, 23, 0, 'cycle', 8, 'REDOX', 'WHITE-BLUE', '26"', 'Select Item Name', 4020, 201, 0, 0, 0, '5,7', 1, 1, 1),
(176, 23, 0, 'cycle', 8, 'BOUNTY SPORTS', 'HOT RED', '26"', 'Select Item Name', 3850, 192.5, 0, 0, 0, '5,7', 1, 1, 1),
(177, 23, 0, 'cycle', 8, 'BOUNTY (IBC)', 'HOT RED', '26"', 'Select Item Name', 3910, 195.5, 0, 0, 0, '5,7', 1, 1, 1),
(178, 23, 0, 'cycle', 8, 'CUBA SPORTS', 'S.BLUE-SILVER', '26"', 'Select Item Name', 3940, 197, 0, 0, 0, '5,7', 1, 1, 1),
(179, 23, 0, 'cycle', 8, 'SKYTOP', 'PITCH', '26"', 'Select Item Name', 3385, 169.25, 0, 0, 0, '5,7', 1, 1, 1),
(180, 23, 0, 'cycle', 8, 'EXTRUSION', 'HOT RED', '26"', 'Select Item Name', 3490, 174.5, 0, 0, 0, '5,7', 1, 1, 1),
(181, 23, 0, 'cycle', 8, 'ELITE', 'HOT RED', '26"', 'Select Item Name', 3510, 175.5, 0, 0, 0, '5,7', 1, 1, 1),
(182, 23, 0, 'cycle', 8, 'JALPARI', 'S.BLUE', '20"', 'Select Item Name', 2580, 129, 0, 0, 0, '5,7', 1, 1, 1),
(183, 23, 0, 'cycle', 8, 'JAX', 'BLUE', '20"', 'Select Item Name', 2410, 120.5, 0, 0, 0, '5,7', 1, 1, 1),
(184, 23, 0, 'cycle', 8, 'X ONE', 'GREEN-BLACK', '26"', 'Select Item Name', 3440, 172, 0, 0, 0, '5,7', 1, 1, 1),
(185, 23, 0, 'cycle', 8, 'X ONE', 'COPPER', '26"', 'Select Item Name', 3440, 172, 0, 0, 0, '5,7', 1, 1, 1),
(186, 23, 0, 'cycle', 8, 'UNIQUE', 'SILVER-BLUE', '26"', 'Select Item Name', 3225, 161.25, 0, 0, 0, '5,7', 1, 1, 1),
(187, 23, 0, 'cycle', 8, 'UNIQUE', 'YELLOW-BLACK', '26"', 'Select Item Name', 3225, 161.25, 0, 0, 0, '5,7', 1, 1, 1),
(188, 23, 0, 'cycle', 8, 'SKYTOP', 'CHAINA RED', '26"', 'Select Item Name', 3385, 169.25, 0, 0, 0, '5,7', 1, 1, 1),
(189, 23, 0, 'cycle', 8, 'CRUZE', 'WHITE-GREEN', '26"', 'Select Item Name', 3330, 166.5, 0, 0, 0, '5,7', 1, 1, 1),
(190, 23, 0, 'cycle', 8, 'INFERNO', 'BLUE', '26', 'Select Item Name', 3465, 173.25, 0, 0, 0, '5,7', 1, 1, 1),
(191, 23, 0, 'cycle', 8, 'UNIQUE', 'HOT RED', '26"', 'Select Item Name', 3225, 161.25, 0, 0, 0, '5,7', 1, 1, 1),
(192, 23, 0, 'cycle', 8, 'UNIQUE', 'PITCH', '26"', 'Select Item Name', 3225, 161.25, 0, 0, 0, '5,7', 1, 1, 1),
(193, 23, 0, 'cycle', 8, 'EXTRUSION', 'BLACK', '26"', 'Select Item Name', 3490, 174.5, 0, 0, 0, '5,7', 1, 1, 1),
(194, 23, 0, 'cycle', 8, 'X FORCE', 'CREAM-BROWN', '26"', 'Select Item Name', 3385, 169.25, 0, 0, 0, '5,7', 1, 1, 1),
(195, 24, 171, 'cycle', 8, 'BEETLE', 'SKY BLUE', '26"', 'Select Item Name', 3440, 172, 0, 0, 0, '5,7', 1, 1, 1),
(196, 24, 187, 'cycle', 8, 'UNIQUE', 'YELLOW-BLACK', '26"', 'Select Item Name', 3225, 161.25, 0, 0, 0, '5,7', 1, 1, 1),
(197, 24, 167, 'cycle', 8, 'EXTRUSION', 'BLUE', '24"', 'Select Item Name', 3440, 172, 0, 0, 0, '5,7', 1, 1, 1),
(198, 24, 167, 'cycle', 8, 'EXTRUSION', 'BLUE', '24"', 'Select Item Name', 3440, 172, 0, 0, 0, '5,7', 1, 1, 1),
(199, 24, 161, 'cycle', 8, 'ELITE', 'HOT RED', '24"', 'Select Item Name', 3455, 172.75, 0, 0, 0, '5,7', 1, 1, 1),
(200, 24, 0, 'cycle', 8, 'ELITE', 'SILVER-BLUE', '24"', 'Select Item Name', 3455, 172.75, 0, 0, 0, '5,7', 1, 1, 1),
(201, 24, 175, 'cycle', 8, 'REDOX', 'WHITE-BLUE', '26"', 'Select Item Name', 4020, 201, 0, 0, 0, '5,7', 1, 1, 1),
(202, 24, 173, 'cycle', 8, 'BUTTERFLY', 'BABIE PINK', '24"', 'Select Item Name', 3385, 169.25, 0, 0, 0, '5,7', 1, 1, 1),
(203, 24, 0, 'cycle', 8, 'STARLEY', 'PINK', '20"', 'Select Item Name', 2625, 262.5, 0, 0, 0, '5,7', 2, 2, 1),
(204, 24, 172, 'cycle', 8, 'BUTTERFLY', 'PINK', '26"', 'Select Item Name', 3550, 355, 0, 0, 0, '5,7', 2, 2, 1),
(205, 24, 175, 'cycle', 8, 'REDOX', 'WHITE-BLUE', '26"', 'Select Item Name', 4020, 402, 0, 0, 0, '5,7', 2, 2, 1),
(206, 24, 0, 'cycle', 8, 'CRUZE NEW', 'HOT RED', '26"', 'Select Item Name', 3330, 333, 0, 0, 0, '5,7', 2, 2, 1),
(207, 24, 175, 'cycle', 8, 'REDOX', 'WHITE-BLUE', '26"', 'Select Item Name', 4020, 402, 0, 0, 0, '5,7', 2, 2, 1),
(208, 24, 0, 'cycle', 8, 'AURA', 'CHAINA RED', '24"', 'Select Item Name', 3305, 330.5, 0, 0, 0, '5,7', 2, 2, 1),
(209, 24, 164, 'cycle', 8, 'CRUZE', 'HOT RED', '24"', 'Select Item Name', 3280, 328, 0, 0, 0, '5,7', 2, 2, 1),
(210, 24, 0, 'cycle', 8, 'QUICK', 'BLUE', '24"', 'Select Item Name', 2900, 290, 0, 0, 0, '5,7', 2, 2, 1),
(211, 24, 173, 'cycle', 8, 'BUTTERFLY', 'BABIE PINK', '24"', 'Select Item Name', 3385, 338.5, 0, 0, 0, '5,7', 2, 2, 1),
(212, 24, 172, 'cycle', 8, 'BUTTERFLY', 'PINK', '26"', 'Select Item Name', 3550, 355, 0, 0, 0, '5,7', 2, 2, 1),
(213, 24, 170, 'cycle', 8, 'CHARLIE', 'PURPLE', '26"', 'Select Item Name', 3410, 341, 0, 0, 0, '5,7', 2, 2, 1),
(214, 24, 183, 'cycle', 8, 'JAX', 'BLUE', '20"', 'Select Item Name', 2410, 241, 0, 0, 0, '5,7', 2, 2, 1),
(215, 24, 206, 'cycle', 8, 'CRUZE NEW', 'HOT RED', '26"', 'Select Item Name', 3330, 333, 0, 0, 0, '5,7', 2, 2, 1),
(216, 24, 183, 'cycle', 8, 'JAX', 'BLUE', '20"', 'Select Item Name', 2410, 241, 0, 0, 0, '5,7', 2, 2, 1),
(217, 24, 175, 'cycle', 8, 'REDOX', 'WHITE-BLUE', '26"', 'Select Item Name', 4020, 201, 0, 0, 0, '5,7', 1, 1, 1),
(218, 24, 161, 'cycle', 8, 'ELITE', 'HOT RED', '24"', 'Select Item Name', 3455, 172.75, 0, 0, 0, '5,7', 1, 1, 1),
(219, 24, 174, 'cycle', 8, 'BEETLE', 'SKY BLUE', '24"', 'Select Item Name', 3330, 166.5, 0, 0, 0, '5,7', 1, 1, 1),
(220, 24, 0, 'cycle', 8, 'INFERNO', 'SILVER BLACK', '26', 'Select Item Name', 3465, 346.5, 0, 0, 0, '5,7', 2, 2, 1),
(221, 24, 210, 'cycle', 8, 'QUICK', 'BLUE', '24"', 'Select Item Name', 2900, 145, 0, 0, 0, '5,7', 1, 1, 1),
(222, 24, 0, 'cycle', 8, 'DRIFT', 'HOT RED', '24"', 'Select Item Name', 2950, 147.5, 0, 0, 0, '5,7', 1, 1, 1),
(223, 24, 0, 'cycle', 8, 'CUBA IBC', 'S.BLUE-SILVER', '26"', 'Select Item Name', 4000, 400, 0, 0, 0, '5,7', 2, 2, 1),
(224, 24, 177, 'cycle', 8, 'BOUNTY (IBC)', 'HOT RED', '26"', 'Select Item Name', 3910, 391, 0, 0, 0, '5,7', 2, 2, 1),
(225, 24, 0, 'cycle', 8, 'X ONE', 'CHAINA RED', '26"', 'Select Item Name', 3440, 172, 0, 0, 0, '5,7', 1, 1, 1),
(226, 24, 0, 'cycle', 8, 'CRONIC', 'BLACK', '26"', 'Select Item Name', 2980, 149, 0, 0, 0, '5,7', 1, 1, 1),
(227, 24, 0, 'cycle', 8, 'DRIFT', 'HOT RED', '26"', 'Select Item Name', 3000, 150, 0, 0, 0, '5,7', 1, 1, 1),
(228, 24, 0, 'cycle', 8, 'QUICK', 'BLUE', '26"', 'Select Item Name', 2950, 147.5, 0, 0, 0, '5,7', 1, 1, 1),
(229, 24, 191, 'cycle', 8, 'UNIQUE', 'HOT RED', '26"', 'Select Item Name', 3225, 161.25, 0, 0, 0, '5,7', 1, 1, 1),
(230, 25, 18, 'cycle', 10, 'TRANCE PRO', 'BLUE', 'MEDIUM', 'Select Item Name', 11000, 1100, 0, 0, 0, '5,7', 2, 2, 1),
(231, 26, 89, 'cycle', 12, 'MISCEO (M.S.)', 'BLACK (M.FINISH)', '700', 'Select Item Name', 19275, 385.5, 0, 0, 0, '8', 1, 1, 1),
(232, 26, 0, 'cycle', 22, 'PANAMAO X2', 'MET GREY', '700', 'Select Item Name', 24770, 495.4, 0, 0, 0, '8', 1, 1, 1),
(233, 26, 0, 'cycle', 12, 'TALUS 1.5', 'MET GREY', '27.5', 'Select Item Name', 18750, 750, 0, 0, 0, '8', 2, 2, 1),
(234, 27, 0, 'cycle', 15, 'JUS BIKE M.SPEED', 'WHITE', '26', 'Select Item Name', 6900, 690, 0, 0, 0, '10', 10, 10, 1),
(235, 28, 88, 'cycle', 13, 'LAND 8.10 (M.S. / D.D.)', 'MET GREY', '700', 'Select Item Name', 32375, 3237.5, 0, 0, 0, '5,7', 2, 2, 1),
(236, 28, 65, 'spare', 11, '0', '0', 'select', 'TUBE 700 * 18-25 C MAXXIS', 190, 47.5, 0, 0, 0, '5,7', 5, 5, 1),
(237, 29, 25, 'cycle', 9, 'CYBOT', 'GREEN-BLACK', '20"', 'Select Item Name', 3225, 645, 0, 0, 0, '5,7', 4, 4, 1),
(238, 29, 4, 'cycle', 9, 'MACH CITY I BIKE', 'RED', '26"', 'Select Item Name', 5665, 566.5, 0, 0, 0, '5,7', 2, 2, 1),
(239, 29, 29, 'cycle', 9, 'RODEO GEOLANDER (M.S./F.D.)', 'WHITE', '24"', 'Select Item Name', 7520, 376, 0, 0, 0, '5,7', 1, 1, 1),
(240, 29, 0, 'cycle', 9, 'RODEO HARDLINER M.SPEED', 'MET GREY', '26', 'Select Item Name', 6970, 348.5, 0, 0, 0, '5,7', 1, 1, 1),
(241, 29, 0, 'cycle', 9, 'RODEO ZXR M.SPEED', 'MULTI', '20', 'Select Item Name', 5040, 504, 0, 0, 0, '5,7', 2, 2, 1),
(242, 30, 0, 'cycle', 25, 'AGGRESSOR SPORT', 'MET GREY', '27.5', 'Select Item Name', 20200, 2020, 0, 0, 0, '5,7', 2, 2, 1),
(243, 30, 8, 'cycle', 10, 'TRANCE PRO', 'BLACK', 'MEDIUM', 'Select Item Name', 11110, 1111, 0, 0, 0, '5,7', 2, 2, 1),
(244, 31, 58, 'spare', 11, '0', '0', 'Select', 'TUBE 700 * 35-45 C (MAXXIS)', 495, 39.6, 0, 0, 0, '8', 4, 4, 1),
(245, 31, 0, 'spare', 11, '0', '0', 'Select', 'V BRAKES SET STEEL', 88, 8.8, 0, 0, 0, '8', 5, 5, 1),
(246, 31, 119, 'spare', 11, '0', '0', 'Select', 'WATTER BOTTLE 500 ML PVC RALEIGH', 165, 66, 0, 0, 0, '8', 20, 20, 1),
(247, 31, 0, 'spare', 11, '0', '0', 'Select', 'WATER BOTTLE 700 ML POLISPORT', 105, 42, 0, 0, 0, '8', 20, 20, 1),
(248, 31, 55, 'spare', 11, '0', '0', 'Select', 'BICYCLE STAND WALL HANGING DOUBLE - 02', 475, 95, 0, 0, 0, '8', 10, 10, 1),
(249, 31, 76, 'spare', 11, '0', '0', 'Select', 'LIGHT HL 112 W', 885, 88.5, 0, 0, 0, '8', 5, 5, 1),
(250, 31, 0, 'spare', 11, '0', '0', 'Select', 'TOP TUBE BAG TOTEM', 375, 15, 0, 0, 0, '8', 2, 2, 1),
(251, 31, 0, 'spare', 11, '0', '0', 'Select', 'CHAIN WHEEL SET TCWC 28/38/48 T', 190, 3.8, 0, 0, 0, '8', 1, 1, 1),
(252, 31, 0, 'spare', 11, '0', '0', 'Select', 'CHAIN WHEEL 44 T DOUBLE GUARD 1/8', 165, 6.6, 0, 0, 0, '8', 2, 2, 1),
(253, 31, 0, 'spare', 11, '0', '0', 'Select', 'FREE WHEEL FRICTION FREE 7 SPEED INDEX', 110, 11, 0, 0, 0, '8', 5, 5, 1),
(254, 31, 0, 'spare', 11, '0', '0', 'Select', 'DERAILER REAR 7 SPEED SC INDEX', 110, 11, 0, 0, 0, '8', 5, 5, 1),
(255, 31, 0, 'spare', 11, '0', '0', 'Select', 'V BRAKES SET ALLOY ', 140, 14, 0, 0, 0, '8', 5, 5, 1),
(256, 31, 0, 'spare', 11, '0', '0', 'Select', 'HANDLE STEEM ALLOY 31.8 MM', 285, 11.4, 0, 0, 0, '8', 2, 2, 1),
(257, 31, 0, 'spare', 11, '0', '0', 'Select', 'SEAT QUICK RELEASE CLAMP 31.8 MM', 50, 5, 0, 0, 0, '8', 5, 5, 1),
(258, 31, 0, 'spare', 11, '0', '0', 'Select', 'BOTTLE CAGE SILVER FINISH', 72, 57.6, 0, 0, 0, '8', 40, 40, 1),
(259, 31, 0, 'spare', 11, '0', '0', 'Select', 'BRAKE SHOE ROAD BIKE', 26, 5.2, 0, 0, 0, '8', 10, 10, 1),
(260, 31, 0, 'spare', 11, '0', '0', 'Select', 'HANDLE GRIP BLACK G 327', 72, 14.4, 0, 0, 0, '8', 10, 10, 1),
(261, 31, 0, 'spare', 11, '0', '0', 'Select', 'HANDLE GRIP BLACK-N COLOURED', 155, 15.5, 0, 0, 0, '8', 5, 5, 1),
(262, 31, 0, 'spare', 11, '0', '0', 'Select', 'TUBE 27.5 * 190 / 2.125 KENDA', 155, 18.6, 0, 0, 0, '8', 6, 6, 1),
(263, 32, 0, 'cycle', 11, 'TRIGGER (M.S. / F.D.)', 'MULTI', '20', 'Select Item Name', 4620, 277.2, 0, 0, 0, '8', 3, 3, 1),
(264, 32, 129, 'cycle', 12, 'MONSTER X MS SPEED EF D.D.', 'WHITE', '24', 'Select Item Name', 8725, 698, 0, 0, 0, '8', 4, 4, 1),
(265, 32, 127, 'cycle', 12, 'TERRAIN 30 (M.S. / D.D.)', 'BLACK', '26"', 'Select Item Name', 11275, 451, 0, 0, 0, '8', 2, 2, 1),
(266, 32, 0, 'cycle', 12, 'ROXIO 1.0', 'BLACK (M.FINISH)', '26', 'Select Item Name', 15275, 305.5, 0, 0, 0, '8', 1, 1, 1),
(267, 32, 0, 'cycle', 12, 'FREELIFE', 'MULTI', '20', 'Select Item Name', 4900, 98, 0, 0, 0, '8', 1, 1, 1),
(268, 32, 0, 'cycle', 11, 'DIRT JUMPER D.D.', 'BLACK', '26', 'Select Item Name', 11125, 890, 0, 0, 0, '8', 4, 4, 1),
(269, 32, 0, 'cycle', 12, 'TERRAIN 30 (M.S. / D.D.)', 'BLACK', '27.5', 'Select Item Name', 12775, 1022, 0, 0, 0, '8', 4, 4, 1),
(270, 33, 227, 'cycle', 8, 'DRIFT', 'HOT RED', '26"', 'Select Item Name', 3000, 150, 0, 0, 0, '5,7', 1, 1, 1),
(271, 33, 177, 'cycle', 8, 'BOUNTY (IBC)', 'HOT RED', '26"', 'Select Item Name', 3910, 195.5, 0, 0, 0, '5,7', 1, 1, 1),
(272, 33, 193, 'cycle', 8, 'EXTRUSION', 'BLACK', '26"', 'Select Item Name', 3490, 174.5, 0, 0, 0, '5,7', 1, 1, 1),
(273, 33, 163, 'cycle', 8, 'JET LINER', 'COPPER', '24"', 'Select Item Name', 3200, 160, 0, 0, 0, '5,7', 1, 1, 1),
(274, 33, 165, 'cycle', 8, 'CRUZE', 'SILVER-BLUE', '24"', 'Select Item Name', 3280, 164, 0, 0, 0, '5,7', 1, 1, 1),
(275, 34, 0, 'spare', 10, '0', '0', 'Select', 'JERSEY XMR RIDE 9 SMALL/MEDIUM/LARGE/EXTRA LARGE', 530, 106, 0, 0, 0, '5,7', 4, 4, 1),
(276, 34, 0, 'spare', 10, '0', '0', 'Select', 'BAG HANDLE BAR MONTRA XMR - W', 485, 48.5, 0, 0, 0, '5,7', 2, 2, 1),
(277, 34, 0, 'spare', 10, '0', '0', 'Select', 'BAG SADDLE XMR SB 101 BLACK', 230, 23, 0, 0, 0, '5,7', 2, 2, 1),
(278, 34, 0, 'spare', 10, '0', '0', 'Select', 'BAG TOP TUBE MONTRA XMR TB 101', 306, 30.6, 0, 0, 0, '5,7', 2, 2, 1),
(279, 34, 0, 'spare', 10, '0', '0', 'Select', 'LIGHT FRONT XMR JY 246 - 3W STROBE 1.3', 449, 112.25, 0, 0, 0, '5,7', 5, 5, 1),
(280, 34, 0, 'spare', 10, '0', '0', 'Select', 'LIGHT REAR XMR JY 2LA STREAK 3.0', 459, 114.75, 0, 0, 0, '5,7', 5, 5, 1),
(281, 34, 0, 'spare', 10, '0', '0', 'Select', 'LIGHT REAR XMR JY 528 1 STREAK 2.0', 316, 79, 0, 0, 0, '5,7', 5, 5, 1),
(282, 34, 0, 'spare', 10, '0', '0', 'Select', 'LIGHT FRONT AND REAR XMR JY 3005 STARP', 189, 47.25, 0, 0, 0, '5,7', 5, 5, 1),
(283, 34, 282, 'spare', 10, '0', '0', 'Select', 'LIGHT FRONT AND REAR XMR JY 3005 STARP', 153, 38.25, 0, 0, 0, '5,7', 5, 5, 1),
(284, 34, 0, 'spare', 10, '0', '0', 'Select', 'LIGHT FRONT XMR JY 286 STROBE 5.0', 178, 44.5, 0, 0, 0, '5,7', 5, 5, 1),
(285, 34, 0, 'spare', 10, '0', '0', 'Select', 'LIGHT FRONT XMR JY 808 11 STRIKE 5.0', 200, 10, 0, 0, 0, '5,7', 1, 1, 1),
(286, 35, 0, 'cycle', 23, 'K1 S.S.', 'red', '20', 'Select Item Name', 4097, 81.94, 0, 0, 0, '8', 1, 1, 1),
(287, 35, 0, 'cycle', 23, 'K1 S.S.', 'YELLOW', '20', 'Select Item Name', 4097, 81.94, 0, 0, 0, '8', 1, 1, 1),
(288, 35, 0, 'cycle', 23, 'K3 S.S.', 'PINK', '20', 'Select Item Name', 4414, 88.28, 0, 0, 0, '8', 1, 1, 1),
(289, 35, 0, 'cycle', 23, 'K3 S.S.', 'BLUE', '20', 'Select Item Name', 4414, 88.28, 0, 0, 0, '8', 1, 1, 1),
(290, 35, 0, 'cycle', 23, 'K6 S.S.', 'red', '20', 'Select Item Name', 5018, 100.36, 0, 0, 0, '8', 1, 1, 1),
(291, 35, 0, 'cycle', 23, 'K6 S.S.', 'WHITE-RED', '20', 'Select Item Name', 5018, 100.36, 0, 0, 0, '8', 1, 1, 1),
(292, 35, 0, 'cycle', 23, 'HT J1', 'WHITE', '24', 'Select Item Name', 7420, 148.4, 0, 0, 0, '8', 1, 1, 1),
(293, 35, 0, 'cycle', 23, 'HT J1', 'BLACK-GREEN', '24', 'Select Item Name', 7420, 148.4, 0, 0, 0, '8', 1, 1, 1),
(294, 35, 0, 'cycle', 23, 'H1 LITE', 'BLACK (M.FINISH)', 'LARGE', 'Select Item Name', 8109, 162.18, 0, 0, 0, '8', 1, 1, 1),
(295, 35, 0, 'cycle', 23, 'HT1 SWIFT', 'BLACK', '26', 'Select Item Name', 8109, 162.18, 0, 0, 0, '8', 1, 1, 1),
(296, 35, 0, 'cycle', 23, 'HT 1', 'BLUE', '26', 'Select Item Name', 8109, 162.18, 0, 0, 0, '8', 1, 1, 1),
(297, 35, 0, 'cycle', 23, 'HT 1', 'red', '26', 'Select Item Name', 8109, 162.18, 0, 0, 0, '8', 1, 1, 1),
(298, 35, 0, 'cycle', 23, 'HT 2 HARD TAIL', 'BLACK-GREEN', '26', 'Select Item Name', 9466, 189.32, 0, 0, 0, '8', 1, 1, 1),
(299, 35, 0, 'cycle', 23, 'HT 3 HARD TRAIL', 'WHITE-RED', '26', 'Select Item Name', 10277, 205.54, 0, 0, 0, '8', 1, 1, 1),
(300, 35, 0, 'cycle', 23, 'HT 3 HARD TRAIL', 'WHITE', '26', 'Select Item Name', 10277, 205.54, 0, 0, 0, '8', 1, 1, 1),
(301, 35, 0, 'cycle', 23, 'HT 4', 'PURPLE', '26', 'Select Item Name', 12239, 244.78, 0, 0, 0, '8', 1, 1, 1),
(302, 35, 0, 'cycle', 23, 'DS 1', 'WHITE-GREEN', '26', 'Select Item Name', 8194, 163.88, 0, 0, 0, '8', 1, 1, 1),
(303, 35, 0, 'cycle', 23, 'DS 1', 'ORRANGE', '26', 'Select Item Name', 8194, 163.88, 0, 0, 0, '8', 1, 1, 1),
(304, 35, 294, 'cycle', 23, 'H1 LITE', 'BLACK (M.FINISH)', 'LARGE', 'Select Item Name', 11583, 231.66, 0, 0, 0, '8', 1, 1, 1),
(305, 35, 0, 'cycle', 23, 'H1 LITE', 'BLACK (M.FINISH)', 'MEDIUM', 'Select Item Name', 11583, 231.66, 0, 0, 0, '8', 1, 1, 1),
(306, 35, 0, 'cycle', 23, 'H2 CROSS', 'BLACK', 'LARGE', 'Select Item Name', 12843, 256.86, 0, 0, 0, '8', 1, 1, 1),
(307, 35, 306, 'cycle', 23, 'H2 CROSS', 'BLACK', 'LARGE', 'Select Item Name', 14587, 291.74, 0, 0, 0, '8', 1, 1, 1),
(308, 35, 0, 'cycle', 23, 'Q1', 'WHITE-BLUE', '26', 'Select Item Name', 7187, 143.74, 0, 0, 0, '8', 1, 1, 1),
(309, 35, 0, 'cycle', 23, 'Q1', 'PINK', '26', 'Select Item Name', 7187, 143.74, 0, 0, 0, '8', 1, 1, 1),
(310, 36, 0, 'cycle', 10, 'TRANCE', 'BLUE', 'SMALL', 'Select Item Name', 11615, 580.75, 0, 0, 0, '5,7', 1, 1, 1),
(311, 36, 3, 'cycle', 10, 'TRANCE', 'BLUE', 'MEDIUM', 'Select Item Name', 11615, 580.75, 0, 0, 0, '5,7', 1, 1, 1),
(312, 36, 0, 'cycle', 10, 'TRANCE PRO', 'BLACK', 'SMALL', 'Select Item Name', 11110, 555.5, 0, 0, 0, '5,7', 1, 1, 1),
(313, 36, 8, 'cycle', 10, 'TRANCE PRO', 'BLACK', 'MEDIUM', 'Select Item Name', 11110, 555.5, 0, 0, 0, '5,7', 1, 1, 1),
(314, 36, 14, 'cycle', 10, 'ROCK 1.1', 'GREY', 'MEDIUM', 'Select Item Name', 14039, 701.95, 0, 0, 0, '5,7', 1, 1, 1),
(315, 36, 14, 'cycle', 10, 'ROCK 1.1', 'GREY', 'MEDIUM', 'Select Item Name', 14039, 701.95, 0, 0, 0, '5,7', 1, 1, 1),
(316, 36, 0, 'cycle', 10, 'ROCK 1.1 D', 'GREEN', 'SMALL', 'Select Item Name', 14897.5, 744.875, 0, 0, 0, '5,7', 1, 1, 1),
(317, 36, 316, 'cycle', 10, 'ROCK 1.1 D', 'GREEN', 'SMALL', 'Select Item Name', 14897.5, 744.875, 0, 0, 0, '5,7', 1, 1, 1),
(318, 37, 11, 'cycle', 10, 'BLUES 1.1', 'SILVER', 'SMALL', 'Select Item Name', 14412, 720.6, 0, 0, 0, '5,7', 1, 1, 1),
(319, 38, 0, 'cycle', 15, 'TRC MAGIC CAR HLX 3355', 'MULTI', 'TOY', 'Select Item Name', 975, 0, 0, 0, 0, '11', 4, 4, 1),
(320, 38, 0, 'cycle', 15, 'TRC MAGIC CAR HLX 9010', 'MULTI', 'TOY', 'Select Item Name', 950, 0, 0, 0, 0, '11', 4, 4, 1),
(321, 38, 0, 'cycle', 15, 'TRC MAGIC CAR HLX 1568', 'MULTI', 'TOY', 'Select Item Name', 900, 0, 0, 0, 0, '11', 4, 4, 1),
(322, 39, 0, 'cycle', 15, 'TRC HLX', 'MULTI', 'TOY', 'Select Item Name', 1550, 310, 0, 0, 0, '5,7', 4, 4, 1),
(323, 39, 322, 'cycle', 15, 'TRC HLX', 'MULTI', 'TOY', 'Select Item Name', 1550, 310, 0, 0, 0, '5,7', 4, 4, 1),
(324, 39, 322, 'cycle', 15, 'TRC HLX', 'MULTI', 'TOY', 'Select Item Name', 800, 240, 0, 0, 0, '5,7', 6, 6, 1),
(325, 40, 222, 'cycle', 8, 'DRIFT', 'HOT RED', '24"', 'Select Item Name', 2950, 147.5, 0, 0, 0, '5,7', 1, 1, 1),
(326, 40, 223, 'cycle', 8, 'CUBA IBC', 'S.BLUE-SILVER', '26"', 'Select Item Name', 4000, 400, 0, 0, 0, '5,7', 2, 2, 1),
(327, 41, 97, 'spare', 11, '0', '0', 'Select', 'BICYCLE PARKING STAND FRONT ', 300, 15, 0, 0, 0, '5,7', 1, 1, 1),
(328, 41, 54, 'spare', 11, '0', '0', 'Select', 'BICYCLE STAND WALL HANGING SINGLE', 250, 12.5, 0, 0, 0, '5,7', 1, 1, 1),
(329, 41, 97, 'spare', 11, '0', '0', 'Select', 'BICYCLE PARKING STAND FRONT ', 500, 25, 0, 0, 0, '5,7', 1, 1, 1),
(330, 41, 55, 'spare', 11, '0', '0', 'Select', 'BICYCLE STAND WALL HANGING DOUBLE - 02', 335, 33.5, 0, 0, 0, '5,7', 2, 2, 1),
(331, 41, 97, 'spare', 11, '0', '0', 'Select', 'BICYCLE PARKING STAND FRONT ', 475, 23.75, 0, 0, 0, '5,7', 1, 1, 1),
(332, 42, 0, 'cycle', 11, 'HURRICANE  D/DISK', 'HOT RED', '24', 'Select Item Name', 7125, 285, 0, 0, 0, '8', 2, 2, 1),
(333, 42, 0, 'cycle', 11, 'HAZARD-EF (M.S.)', 'BLACK', '24', 'Select Item Name', 7775, 311, 0, 0, 0, '8', 2, 2, 1),
(334, 42, 0, 'cycle', 11, 'XC 101 D/ DISK', 'BLACK', '26', 'Select Item Name', 6850, 274, 0, 0, 0, '8', 2, 2, 1),
(335, 42, 0, 'cycle', 11, 'EXPLORE  M SPEED   F/ DISK', 'HOT RED', '26', 'Select Item Name', 7075, 283, 0, 0, 0, '8', 2, 2, 1);

-- --------------------------------------------------------

--
-- Table structure for table `master_invoice`
--

CREATE TABLE IF NOT EXISTS `master_invoice` (
  `InvoiceID` int(11) NOT NULL AUTO_INCREMENT,
  `Date` date DEFAULT NULL,
  `CustomerID` int(11) DEFAULT NULL,
  `PaymentStatus` varchar(100) DEFAULT NULL,
  `PaymentMethod` varchar(100) DEFAULT NULL,
  `Shipping` float DEFAULT NULL,
  `Discount` float DEFAULT NULL,
  `TotalPrice` float DEFAULT NULL,
  `Note` text,
  `Active` int(11) DEFAULT '1',
  PRIMARY KEY (`InvoiceID`)
) ENGINE=InnoDB  DEFAULT CHARSET=latin1 AUTO_INCREMENT=2 ;

--
-- Dumping data for table `master_invoice`
--

INSERT INTO `master_invoice` (`InvoiceID`, `Date`, `CustomerID`, `PaymentStatus`, `PaymentMethod`, `Shipping`, `Discount`, `TotalPrice`, `Note`, `Active`) VALUES
(1, '2015-10-06', 4, 'Paid', 'Cash', 0, 0, 3150, '', 1);

-- --------------------------------------------------------

--
-- Table structure for table `master_invoice_child`
--

CREATE TABLE IF NOT EXISTS `master_invoice_child` (
  `InvoiceChildID` int(11) NOT NULL AUTO_INCREMENT,
  `InvoiceID` int(11) DEFAULT NULL,
  `Type` varchar(100) DEFAULT NULL,
  `CompanyID` int(11) DEFAULT NULL,
  `ModelNumber` varchar(100) DEFAULT NULL,
  `Color` varchar(100) DEFAULT NULL,
  `Size` varchar(100) DEFAULT NULL,
  `ItemName` varchar(100) DEFAULT NULL,
  `Quantity` int(11) DEFAULT NULL,
  `Price` float DEFAULT NULL,
  `TotalPrice` float DEFAULT NULL,
  `Active` int(11) DEFAULT '1',
  PRIMARY KEY (`InvoiceChildID`)
) ENGINE=MyISAM  DEFAULT CHARSET=latin1 AUTO_INCREMENT=2 ;

--
-- Dumping data for table `master_invoice_child`
--

INSERT INTO `master_invoice_child` (`InvoiceChildID`, `InvoiceID`, `Type`, `CompanyID`, `ModelNumber`, `Color`, `Size`, `ItemName`, `Quantity`, `Price`, `TotalPrice`, `Active`) VALUES
(1, 1, 'cycle', 15, 'BOW-TIE', 'MULTI', '14"', NULL, 1, 3150, 3150, 1);

-- --------------------------------------------------------

--
-- Table structure for table `master_invoice_frame`
--

CREATE TABLE IF NOT EXISTS `master_invoice_frame` (
  `FrameID` int(11) NOT NULL AUTO_INCREMENT,
  `InvoiceChildID` int(11) DEFAULT NULL,
  `FrameValue` varchar(100) DEFAULT NULL,
  `Active` int(11) DEFAULT '1',
  PRIMARY KEY (`FrameID`)
) ENGINE=MyISAM  DEFAULT CHARSET=latin1 AUTO_INCREMENT=2 ;

--
-- Dumping data for table `master_invoice_frame`
--

INSERT INTO `master_invoice_frame` (`FrameID`, `InvoiceChildID`, `FrameValue`, `Active`) VALUES
(1, 1, 'nil', 1);

-- --------------------------------------------------------

--
-- Table structure for table `master_modal_name`
--

CREATE TABLE IF NOT EXISTS `master_modal_name` (
  `ModalNameID` int(11) NOT NULL AUTO_INCREMENT,
  `ModalName` varchar(100) DEFAULT NULL,
  `Active` int(11) DEFAULT '1',
  PRIMARY KEY (`ModalNameID`)
) ENGINE=MyISAM  DEFAULT CHARSET=latin1 AUTO_INCREMENT=159 ;

--
-- Dumping data for table `master_modal_name`
--

INSERT INTO `master_modal_name` (`ModalNameID`, `ModalName`, `Active`) VALUES
(1, 'ANTOP / ADDER (F.D.)', 1),
(2, 'ATOM ZX', 1),
(3, 'ATOM ZX 18 SPEED (M.S.)', 1),
(4, 'ATOM ZX 6 SPEED (M.S.)', 1),
(5, 'AURA', 1),
(6, 'BEETLE', 1),
(7, 'BIANCHI DUEL', 1),
(8, 'BLUES 1.1', 1),
(9, 'BMX', 1),
(10, 'BOUNTY (IBC)', 1),
(11, 'BOUNTY SPORTS', 1),
(12, 'BOW-TIE', 1),
(13, 'BUTTERFLY', 1),
(14, 'CALDRON (M.S. / D.D.)', 1),
(15, 'CALDRON - EF (M.S.)', 1),
(16, 'CELTIC 2.1', 1),
(17, 'CELTIC 2.2', 1),
(18, 'CHARLIE', 1),
(19, 'CHARM', 1),
(20, 'CITY001', 1),
(21, 'CLUBMAN', 1),
(22, 'CRONIC', 1),
(23, 'CROWN', 1),
(24, 'CRUISER IBC (F.D.)', 1),
(25, 'CRUZE', 1),
(26, 'CRUZE NEW ', 1),
(27, 'CUB', 1),
(28, 'CUBA IBC', 1),
(29, 'CUBA SPORTS', 1),
(30, 'CX', 1),
(31, 'CYBOT', 1),
(32, 'DIRT MAX (M.S. / D.D.)', 1),
(33, 'DIRT MAX (S.S.)', 1),
(34, 'DRIFT', 1),
(35, 'DTR 20', 1),
(36, 'DTR 24', 1),
(37, 'DUAL', 1),
(38, 'DYNAMITE ZX ', 1),
(39, 'DYNOX', 1),
(40, 'E-125', 1),
(41, 'E-12571', 1),
(42, 'ELITE', 1),
(43, 'EQUINOX (M.S.)', 1),
(44, 'EXTRUSION', 1),
(45, 'FORCE 10', 1),
(46, 'GRN DTR', 1),
(47, 'HAPPY', 1),
(48, 'HAZARD-EF (M.S.)', 1),
(49, 'INNOVATE (M.S.)', 1),
(50, 'INTRUDER', 1),
(51, 'JALPARI', 1),
(52, 'JAX', 1),
(53, 'JET LINER', 1),
(54, 'JUS BIKE', 1),
(55, 'JUST BIKE (S.S.)', 1),
(56, 'KNIGHT HUNTER', 1),
(57, 'LAND 8.10 (M.S. / D.D.)', 1),
(58, 'LOADED (M.S. / D.D.)', 1),
(59, 'LUST', 1),
(60, 'MACH CITY', 1),
(61, 'MACH CITY I BIKE', 1),
(62, 'MILE STONE', 1),
(63, 'MISCEO (M.S.)', 1),
(64, 'MISCEO 1.0 (S.S.)', 1),
(65, 'MONSTER X (S.S.)', 1),
(66, 'MONSTER X - EF (M.S. / F.D.)', 1),
(67, 'MONTANA SPORTS', 1),
(68, 'MONTRA - 2015 TRANCE SPEED', 1),
(69, 'MONTRA 14 - BLUE SPEED', 1),
(70, 'MY RIDE (M.S.)', 1),
(71, 'MY RIDE (S.S.)', 1),
(72, 'PACE', 1),
(73, 'PC', 1),
(74, 'QUICK', 1),
(75, 'RAPID', 1),
(76, 'REDOX', 1),
(77, 'ROAD009', 1),
(78, 'ROCK 1.0 ', 1),
(79, 'ROCK 1.1', 1),
(80, 'ROCKWAY', 1),
(81, 'ROCKY ', 1),
(82, 'ROCKY ZX', 1),
(83, 'RODEO A 100 VX (M.SPEED)', 1),
(84, 'RODEO GEOLANDER (M.S./F.D.)', 1),
(85, 'RODEO NFS PRO (M.S. / F.D.)', 1),
(86, 'RODEO TURNER VX (M.S.)', 1),
(87, 'RODEO WAYFINDER (M.S.)', 1),
(88, 'RS 26 (S.S. / F.D.)', 1),
(89, 'SATA', 1),
(90, 'SENSO', 1),
(91, 'SHOCKBLAZE (M.S. / F.D.)', 1),
(92, 'SKID', 1),
(93, 'SKYTOP', 1),
(94, 'SOCCER (M.S. / D.D.)', 1),
(95, 'SOCCER (S.S. / F.D.)', 1),
(96, 'SOCCER (S.S.)', 1),
(97, 'SPARTA ZX ', 1),
(98, 'STAR', 1),
(99, 'STARLEY', 1),
(100, 'STRATUS (S.S.)', 1),
(101, 'STYLOUS (S.S.)', 1),
(102, 'SUPER SPORTS WOMAN', 1),
(103, 'SX 006', 1),
(104, 'TEENZ', 1),
(105, 'TERRAIN 30 (M.S. / D.D.)', 1),
(106, 'TOONZ', 1),
(107, 'TRANCE', 1),
(108, 'TRANCE PRO ', 1),
(109, 'TRANS PRO', 1),
(110, 'TRIGGER (M.S. / F.D.)', 1),
(111, 'TRIGGER (S.S. / F.D.)', 1),
(112, 'U TECH (S.S )', 1),
(113, 'UNIQUE', 1),
(114, 'UNPLUGGED', 1),
(115, 'X FORCE', 1),
(116, 'X ONE', 1),
(117, 'X TRACK (S.S. / F.D.)', 1),
(119, 'INFERNO', 1),
(120, 'PANAMAO X2', 1),
(121, 'TALUS 1.5', 1),
(122, 'JUS BIKE M.SPEED ', 1),
(123, 'MACH CITY I BIKE 7 SPEED', 1),
(124, 'RODEO HARDLINER M.SPEED', 1),
(125, 'RODEO ZXR M.SPEED', 1),
(126, 'AGGRESSOR SPORT ', 1),
(127, 'TRIGGER M.SPEED FDB', 1),
(158, 'MONSTER X MS SPEED EF D.D.', 1),
(129, 'ROXIO 1.0', 1),
(130, 'FREELIFE ', 1),
(131, 'DIRT JUMPER D.D.', 1),
(132, 'TERRAIN M.SPEED', 1),
(133, 'K1 S.S.', 1),
(134, 'K3 S.S.', 1),
(135, 'K6 S.S.', 1),
(136, 'HT J1 ', 1),
(137, 'HT1 SWIFT', 1),
(138, 'HT 1 ', 1),
(139, 'HT 2 HARD TAIL', 1),
(140, 'HT 3 HARD TRAIL', 1),
(141, 'HT 4 ', 1),
(142, 'DS 1', 1),
(143, 'H1 LITE', 1),
(144, 'H2 CROSS', 1),
(145, 'H2D', 1),
(146, 'Q1', 1),
(147, 'ROCK 1.1 D', 1),
(148, 'HURRICANE  D/DISK', 1),
(149, 'HAZARD EF  A/R', 1),
(150, 'XC 101 D/ DISK', 1),
(151, 'EXPLORE  M SPEED   F/ DISK', 1),
(153, 'TRC HLX', 1),
(154, 'TRC DUCK', 1),
(155, 'TRC MAGIC CAR HLX 3355', 1),
(156, 'TRC MAGIC CAR HLX 9010', 1),
(157, 'TRC MAGIC CAR HLX 1568', 1);

-- --------------------------------------------------------

--
-- Table structure for table `master_products`
--

CREATE TABLE IF NOT EXISTS `master_products` (
  `ProductID` int(11) NOT NULL AUTO_INCREMENT,
  `CompanyID` int(11) DEFAULT NULL,
  `ModalName` varchar(100) DEFAULT NULL,
  `Segment` varchar(100) DEFAULT NULL,
  `Color` varchar(100) DEFAULT NULL,
  `Size` varchar(100) DEFAULT NULL,
  `Active` int(11) DEFAULT '1',
  PRIMARY KEY (`ProductID`)
) ENGINE=InnoDB  DEFAULT CHARSET=latin1 AUTO_INCREMENT=229 ;

--
-- Dumping data for table `master_products`
--

INSERT INTO `master_products` (`ProductID`, `CompanyID`, `ModalName`, `Segment`, `Color`, `Size`, `Active`) VALUES
(3, 2, 'E-125', 'big bike', 'red', '25', 1),
(4, 3, 'E-12571', 'big bike1', 'black1', '251', 1),
(5, 4, 'ROCK 1.0 ', 'MTB', 'BLUE', 'M', 1),
(6, 5, 'SATA', 'MOUNTAIN', 'BLUE', '24', 1),
(7, 6, 'ROAD009', 'ROAD BIKE', 'WHITE', '22', 1),
(8, 6, 'CITY001', 'CITY BIKE', 'RED', '22', 1),
(9, 8, 'QUICK', 'MTB ', 'BLUE', '26"', 1),
(10, 8, 'CRONIC', 'MTB', 'BLACK', '26"', 1),
(11, 8, 'DRIFT', 'MTB', 'HOT RED', '26"', 1),
(12, 8, 'UNIQUE', 'MTB', 'HOT RED', '26"', 1),
(13, 8, 'UNIQUE', 'MTB', 'SILVER-BLUE', '26"', 1),
(14, 8, 'UNIQUE', 'MTB', 'PITCH', '26"', 1),
(15, 8, 'UNIQUE', 'MTB', 'YELLOW-BLACK', '26"', 1),
(16, 8, 'X ONE', 'MTB', 'COPPER', '26"', 1),
(17, 8, 'X ONE', 'MTB', 'BLUE', '26"', 1),
(18, 8, 'X ONE', 'MTB', 'CHAINA RED', '26"', 1),
(19, 8, 'X ONE', 'MTB', 'GREEN-BLACK', '26"', 1),
(20, 8, 'CRUZE', 'MTB', 'WHITE-GREEN', '26"', 1),
(21, 8, 'CRUZE NEW ', 'MTB', 'HOT RED', '26"', 1),
(22, 8, 'CRUZE NEW ', 'MTB', 'SILVER-BLUE', '26"', 1),
(23, 8, 'X FORCE', 'MTB', 'CREAM-BROWN', '26"', 1),
(24, 8, 'X FORCE', 'MTB', 'CHAINA RED', '26"', 1),
(25, 8, 'INTRUDER', 'MTB', 'HOT RED', '26"', 1),
(26, 8, 'INTRUDER', 'MTB', 'BLUE', '26"', 1),
(27, 8, 'SKYTOP', 'MTB', 'PITCH', '26"', 1),
(28, 8, 'SKYTOP', 'MTB', 'CHAINA RED', '26"', 1),
(29, 8, 'EXTRUSION', 'MTB', 'HOT RED', '26"', 1),
(30, 8, 'EXTRUSION', 'MTB', 'BLACK', '26"', 1),
(31, 8, 'ELITE', 'MTB', 'HOT RED', '26"', 1),
(32, 8, 'ELITE', 'MTB', 'BLUE', '26"', 1),
(33, 8, 'BOUNTY (IBC)', 'MTB', 'HOT RED', '26"', 1),
(34, 8, 'BOUNTY SPORTS', 'MTB', 'HOT RED', '26"', 1),
(35, 8, 'CUBA IBC', 'MTB', 'S.BLUE-SILVER', '26"', 1),
(36, 8, 'CUBA SPORTS', 'MTB', 'S.BLUE-SILVER', '26"', 1),
(37, 8, 'REDOX', 'MTB', 'WHITE-BLUE', '26"', 1),
(38, 8, 'QUICK', 'MTB', 'BLUE', '24"', 1),
(39, 8, 'CRONIC', 'MTB', 'BLACK', '24"', 1),
(40, 8, 'DRIFT', 'MTB', 'HOT RED', '24"', 1),
(41, 8, 'AURA', 'MTB', 'SILVER-BLUE', '24"', 1),
(42, 8, 'AURA', 'MTB', 'CHAINA RED', '24"', 1),
(43, 8, 'JET LINER', 'MTB', 'SILVER-BLUE', '24"', 1),
(44, 8, 'JET LINER', 'MTB', 'COPPER', '24"', 1),
(45, 8, 'JET LINER', 'MTB', 'GREEN-BLACK', '24"', 1),
(46, 8, 'ROCKWAY', 'MTB', 'HOT RED', '24"', 1),
(47, 8, 'ROCKWAY', 'MTB', 'BLUE', '24"', 1),
(48, 8, 'MILE STONE', 'MTB', 'GREEN-BLACK', '24"', 1),
(49, 8, 'CRUZE', 'MTB', 'HOT RED', '24"', 1),
(50, 8, 'CRUZE', 'MTB', 'SILVER-BLUE', '24"', 1),
(51, 8, 'EXTRUSION', 'MTB', 'BLUE', '24"', 1),
(52, 8, 'EXTRUSION', 'MTB', 'HOT RED', '24"', 1),
(53, 8, 'ELITE', 'MTB', 'HOT RED', '24"', 1),
(54, 8, 'ELITE', 'MTB', 'SILVER-BLUE', '24"', 1),
(55, 8, 'CHARLIE', 'LADY', 'PURPLE', '26"', 1),
(56, 8, 'CHARM', 'LADY', 'BURGUNDY', '26"', 1),
(57, 8, 'LUST', 'LADY', 'S.BLUE', '26"', 1),
(58, 8, 'BUTTERFLY', 'LADY', 'BABIE PINK', '24"', 1),
(59, 8, 'BUTTERFLY', 'LADY', 'PINK', '26"', 1),
(60, 8, 'BEETLE', 'LADY', 'SKY BLUE', '26"', 1),
(61, 8, 'BEETLE', 'LADY', 'SKY BLUE', '24"', 1),
(62, 8, 'JAX', 'KID', 'BLUE', '20"', 1),
(63, 8, 'SKID', 'KID', 'RED', '20"', 1),
(64, 8, 'STARLEY', 'KID', 'PINK', '20"', 1),
(65, 8, 'JALPARI', 'KID', 'S.BLUE', '20"', 1),
(66, 15, 'BOW-TIE', 'KID', 'MULTI', '12"', 1),
(67, 15, 'BOW-TIE', 'KID', 'MULTI', '14"', 1),
(68, 15, 'BOW-TIE', 'KID', 'MULTI', '16"', 1),
(69, 15, 'CUB', 'KID', 'MULTI', '12', 1),
(70, 15, 'PC', 'KID', 'MULTI', '12"', 1),
(71, 15, 'PC', 'KID', 'MULTI', '16"', 1),
(72, 15, 'RAPID', 'KID', 'MULTI', '14"', 1),
(73, 15, 'CROWN', 'KID', 'MULTI', '14"', 1),
(74, 15, 'CROWN', 'KID', 'MULTI', '16"', 1),
(75, 15, 'CROWN', 'KID', 'MULTI', '20"', 1),
(76, 15, 'HAPPY', 'KID', 'MULTI', '14"', 1),
(77, 15, 'HAPPY', 'KID', 'MULTI', '16"', 1),
(78, 15, 'PACE', 'KID', 'MULTI', '16"', 1),
(79, 15, 'FORCE 10', 'KID', 'MULTI', '20"', 1),
(80, 15, 'CX', 'KID', 'MULTI', '20"', 1),
(81, 9, 'ATOM ZX', 'MTB', 'RED', '26"', 1),
(82, 9, 'RODEO A 100 VX (M.SPEED)', 'MTB', 'WHITE', '26"', 1),
(83, 9, 'ATOM ZX 18 SPEED (M.S.)', 'MTB', 'RED', '26"', 1),
(84, 9, 'ATOM ZX 6 SPEED (M.S.)', 'MTB', 'RED', '26"', 1),
(85, 9, 'DYNAMITE ZX ', 'MTB', 'RED', '26"', 1),
(86, 9, 'SPARTA ZX ', 'MTB', 'BLACK-GREEN', '26"', 1),
(87, 9, 'SPARTA ZX ', 'MTB ', 'BLACK-GREEN', '24"', 1),
(88, 9, 'DYNAMITE ZX ', 'MTB', 'BLACK', '24"', 1),
(89, 9, 'CYBOT', 'KID', 'GREEN-BLACK', '20"', 1),
(90, 9, 'ROCKY ZX', 'MTB', 'RED', '24"', 1),
(91, 9, 'KNIGHT HUNTER', 'MTB', 'BLACK', '26"', 1),
(92, 9, 'ROCKY ', 'MTB', 'BLUE', '26"', 1),
(93, 9, 'ROCKY ', 'MTB', 'BLACK', '24"', 1),
(94, 9, 'RODEO WAYFINDER (M.S.)', 'MTB', 'BLACK-GREEN', '26"', 1),
(95, 9, 'RODEO GEOLANDER (M.S./F.D.)', 'MTB', 'WHITE', '26"', 1),
(96, 9, 'RODEO GEOLANDER (M.S./F.D.)', 'MTB', 'WHITE', '24"', 1),
(97, 9, 'RODEO NFS PRO (M.S. / F.D.)', 'MTB', 'RED', '26"', 1),
(98, 9, 'TOONZ', 'KID', 'RED', '20"', 1),
(99, 9, 'TOONZ', 'KID', 'PINK-BLUE', '20"', 1),
(100, 17, 'ANTOP / ADDER (F.D.)', 'MTB', 'SILVER', '26"', 1),
(101, 9, 'RODEO TURNER VX (M.S.)', 'MTB', 'ORRANGE', '26"', 1),
(102, 9, 'MACH CITY I BIKE', 'MTB', 'RED', '26"', 1),
(103, 9, 'MACH CITY', 'HYBRID', 'GREEN', '700 C', 1),
(104, 18, 'CRUISER IBC (F.D.)', 'MTB', 'RB', '26"', 1),
(105, 11, 'SOCCER (S.S. / F.D.)', 'MTB', 'YELLOW-RED', '26"', 1),
(106, 11, 'SOCCER (S.S.)', 'MTB', 'GREEN-YELLOW', '26"', 1),
(107, 11, 'RS 26 (S.S. / F.D.)', 'MTB', 'WHITE', '26"', 1),
(108, 11, 'X TRACK (S.S. / F.D.)', 'MTB', 'YELLOW', '26"', 1),
(109, 11, 'TEENZ', 'KID', 'GREEN', '20"', 1),
(110, 11, 'U TECH (S.S )', 'MTB', 'WHITE-BLUE', '26"', 1),
(111, 11, 'STRATUS (S.S.)', 'MTB', 'WHITE', '26"', 1),
(112, 11, 'SX 006', 'KID', 'RED', '16"', 1),
(113, 12, 'CLUBMAN', 'ROAD BIKE', 'S.BLUE', 'LARGE', 1),
(114, 12, 'MONSTER X (S.S.)', 'MTB', 'WHITE-RED', '24"', 1),
(115, 11, 'CALDRON - EF (M.S.)', 'MTB', 'WHITE', '24"', 1),
(116, 11, 'SOCCER (M.S. / D.D.)', 'MTB', 'WHITE-BLUE', '26"', 1),
(117, 11, 'HAZARD-EF (M.S.)', 'MTB', 'GREEN', '26"', 1),
(118, 11, 'CALDRON - EF (M.S.)', 'MTB', 'BLUE', '26', 1),
(119, 11, 'CALDRON (M.S. / D.D.)', 'MTB', 'BLACK (M.FINISH)', '26"', 1),
(120, 11, 'LOADED (M.S. / D.D.)', 'MTB', 'WHITE', '26"', 1),
(121, 11, 'EQUINOX (M.S.)', 'HYBRID', 'RED', '700 C', 1),
(122, 11, 'INNOVATE (M.S.)', 'HYBRID', 'WHITE', '700 C', 1),
(123, 11, 'DIRT MAX (M.S. / D.D.)', 'MTB', 'BLACK (M.FINISH)', '26"', 1),
(124, 12, 'TERRAIN 30 (M.S. / D.D.)', 'MTB', 'BLACK', '26"', 1),
(125, 12, 'SHOCKBLAZE (M.S. / F.D.)', 'MTB', 'BLACK (M.FINISH)', '26"', 1),
(126, 12, 'MONSTER X - EF (M.S. / F.D.)', 'MTB', 'WHITE-RED', '26"', 1),
(127, 12, 'MISCEO (M.S.)', 'HYBRID', 'BLACK (M.FINISH)', '700 C', 1),
(128, 13, 'LAND 8.10 (M.S. / D.D.)', 'HYBRID', 'MET GREY', '700 C', 1),
(129, 11, 'SENSO', 'LADY', 'WHITE', '26"', 1),
(130, 12, 'MY RIDE (S.S.)', 'MTB', 'BLACK', '26"', 1),
(131, 12, 'MY RIDE (S.S.)', 'MTB', 'BLUE', '26"', 1),
(132, 12, 'MY RIDE (M.S.)', 'MTB', 'WHITE', '26"', 1),
(133, 11, 'STYLOUS (S.S.)', 'MTB', 'BLUE (M.FINISH)', '26"', 1),
(134, 12, 'MISCEO 1.0 (S.S.)', 'MTB', 'BLACK (M.FINISH)', '27.5', 1),
(135, 19, 'STAR', 'KID', 'MULTI', '16"', 1),
(136, 19, 'STAR ', 'KID', 'MULTI', '14"', 1),
(137, 19, 'BMX', 'KID', 'MULTI', '14"', 1),
(138, 15, 'JUST BIKE (S.S.)', 'MTB', 'WHITE', '26"', 1),
(139, 15, 'JUST BIKE (S.S.)', 'MTB', 'BLUE', '26"', 1),
(140, 11, 'TRIGGER (S.S. / F.D.)', 'MTB', 'BLACK (M.FINISH)', '24"', 1),
(141, 11, 'DIRT MAX (S.S.)', 'MTB', 'GREEN', '24"', 1),
(142, 11, 'TRIGGER (M.S. / F.D.)', 'MTB', 'BLACK (M.FINISH)', '24"', 1),
(143, 10, 'ROCK 1.0 ', 'MTB', 'BLUE', 'MEDIUM', 1),
(144, 20, 'SUPER SPORTS WOMAN', 'HYBRID', 'BLUE', 'MEDIUM', 1),
(145, 16, 'DUAL', 'MTB', 'BLACK', 'LARGE', 1),
(146, 16, 'DUAL', 'MTB', 'RED', 'SMALL', 1),
(147, 10, 'UNPLUGGED', 'ROAD BIKE', 'RED', 'LARGE', 1),
(148, 10, 'UNPLUGGED', 'ROAD BIKE', 'RED', 'SMALL', 1),
(149, 10, 'CELTIC 2.1', 'ROAD BIKE', 'RED', 'MEDIUM', 1),
(150, 10, 'CELTIC 2.2', 'ROAD BIKE', 'YELLOW-BLACK', 'MEDIUM', 1),
(151, 10, 'TRANCE PRO ', 'HYBRID', 'BLUE', 'MEDIUM', 1),
(152, 10, 'TRANCE PRO ', 'HYBRID', 'BLACK', 'LARGE', 1),
(153, 10, 'BLUES 1.1', 'HYBRID', 'SILVER', 'MEDIUM', 1),
(154, 10, 'TRANCE', 'HYBRID', 'BLUE', 'MEDIUM', 1),
(155, 10, 'DTR 20', 'KID', 'YELLOW', '20"', 1),
(156, 10, 'BLUES 1.1', 'HYBRID', 'SILVER', 'SMALL', 1),
(157, 10, 'DTR 24', 'MTB', 'BLACK', 'MEDIUM', 1),
(158, 14, 'MONTANA SPORTS', 'MTB', 'ORRANGE', 'MEDIUM', 1),
(159, 14, 'MONTANA SPORTS', 'MTB', 'BLUE', 'MEDIUM', 1),
(160, 9, 'DYNOX', 'KID', 'BLUE', '20"', 1),
(161, 10, 'ROCK 1.1', 'MTB', 'GREY', 'MEDIUM', 1),
(163, 9, 'MONTRA 14 - BLUE SPEED', 'MOUNTAIN', 'BLUE', '14', 1),
(164, 9, 'MONTRA - 2015 TRANCE SPEED', 'MOUNTAIN', 'BLUE', '14"', 1),
(165, 9, 'BIANCHI DUEL', 'MTB', 'BLACK', '26"', 1),
(166, 9, 'GRN DTR', 'KIDS', 'MULTI', '20', 1),
(167, 9, 'TRANS PRO', 'KIDS', 'BLACK', 'M', 1),
(168, 9, 'UNPLUGGED', 'ROAD BIKE', 'BLACK', '700*28', 1),
(169, 9, 'DYNAMITE ZX', 'MTB', 'RED', '24', 1),
(170, 15, 'PACE', 'KID', 'MULTI', '16', 1),
(171, 24, 'ISRON', 'SOFTECH', 'NAVY BLUE', 'LARGEST', 1),
(172, 8, 'INFERNO', 'MTB', 'BLUE', '26', 1),
(173, 8, 'INFERNO', 'MTB', 'SILVER BLACK', '26', 1),
(174, 22, 'PANAMAO X2', 'HYBRID', 'MET GREY', '700 C', 1),
(175, 12, 'TALUS 1.5', 'MTB', 'MET GREY', '27.5', 1),
(176, 15, 'JUS BIKE M.SPEED ', 'MTB', 'WHITE', '26', 1),
(177, 9, 'RODEO HARDLINER M.SPEED', 'MTB', 'MET GREY', '26', 1),
(178, 9, 'RODEO ZXR M.SPEED', 'KIDS', 'MULTI', '20', 1),
(179, 25, 'AGGRESSOR SPORT ', 'MTB', 'MET GREY', '27.5', 1),
(180, 11, 'TRIGGER (M.S. / F.D.)', 'KIDS', 'MULTI', '20', 1),
(182, 12, 'ROXIO 1.0', 'MTB', 'BLACK (M.FINISH)', '26', 1),
(183, 12, 'FREELIFE ', 'KIDS', 'MULTI', '20', 1),
(184, 11, 'DIRT JUMPER D.D.', 'MTB', 'BLACK', '26', 1),
(185, 12, 'TERRAIN 30 (M.S. / D.D.)', 'MTB', 'BLACK', '27.5', 1),
(189, 23, 'K1 S.S.', 'KIDS', 'red', '20', 1),
(190, 23, 'K1 S.S.', 'KIDS', 'YELLOW', '20', 1),
(191, 23, 'K3 S.S.', 'KIDS', 'PINK', '20', 1),
(192, 23, 'K3 S.S.', 'KIDS', 'BLUE', '20', 1),
(193, 23, 'K6 S.S.', 'KIDS', 'WHITE-RED', '20', 1),
(194, 23, 'K6 S.S.', 'KIDS', 'red', '20', 1),
(195, 23, 'HT J1 ', 'MTB', 'WHITE', '24', 1),
(196, 23, 'HT J1 ', 'MTB', 'BLACK-GREEN', '24', 1),
(197, 23, 'HT1 SWIFT', 'MTB', 'BLACK', '26', 1),
(198, 23, 'HT 1 ', 'MTB', 'BLUE', '26', 1),
(199, 23, 'HT 1 ', 'MTB', 'red', '26', 1),
(200, 23, 'HT 1 ', 'MTB', 'WHITE', '26', 1),
(201, 23, 'HT 2 HARD TAIL', 'MTB', 'BLACK-GREEN', '26', 1),
(202, 23, 'HT 3 HARD TRAIL', 'MTB', 'WHITE-RED', '26', 1),
(203, 23, 'HT 3 HARD TRAIL', 'MTB', 'WHITE', '26', 1),
(204, 23, 'HT 4 ', 'MTB', 'PURPLE', '26', 1),
(205, 23, 'DS 1', 'MTB', 'WHITE-GREEN', '26', 1),
(206, 23, 'DS 1', 'MTB', 'ORRANGE', '26', 1),
(207, 23, 'H1 LITE', 'HYBRID', 'BLACK (M.FINISH)', 'MEDIUM', 1),
(208, 23, 'H1 LITE', 'HYBRID', 'BLACK (M.FINISH)', 'LARGE', 1),
(209, 23, 'H2 CROSS', 'HYBRID', 'BLACK', 'LARGE', 1),
(210, 23, 'H2D', 'HYBRID', 'BLUE (M.FINISH)', 'MEDIUM', 1),
(211, 23, 'Q1', 'LADY', 'WHITE-BLUE', '26', 1),
(212, 23, 'Q1', 'LADY', 'PINK', '26', 1),
(213, 10, 'ROCK 1.1 D', 'MTB', 'GREEN', 'SMALL', 1),
(214, 10, 'ROCK 1.1 D', 'MTB', 'GREEN', 'SMALL', 1),
(215, 10, 'TRANCE', 'HYBRID', 'BLUE', 'SMALL', 1),
(216, 10, 'TRANCE PRO ', 'HYBRID', 'BLACK', 'SMALL', 1),
(217, 10, 'TRANCE PRO ', 'HYBRID', 'BLACK', 'MEDIUM', 1),
(218, 15, 'TRC HLX', 'TRICYCLE', 'MULTI', 'TOY', 1),
(219, 15, 'TRC DUCK', 'TRICYCLE', 'MULTI', 'TOY', 1),
(220, 15, 'TRC MAGIC CAR HLX 3355', 'MAGIC CAR', 'MULTI', 'TOY', 1),
(221, 15, 'TRC MAGIC CAR HLX 9010', 'MAGIC CAR', 'MULTI', 'TOY', 1),
(222, 15, 'TRC MAGIC CAR HLX 1568', 'MAGIC CAR', 'MULTI', 'TOY', 1),
(223, 12, 'MONSTER X MS SPEED EF D.D.', 'MTB', 'WHITE', '24', 1),
(225, 11, 'HAZARD-EF (M.S.)', 'MTB', 'BLACK', '24', 1),
(226, 11, 'XC 101 D/ DISK', 'MTB', 'BLACK', '26', 1),
(227, 11, 'EXPLORE  M SPEED   F/ DISK', 'MTB', 'HOT RED', '26', 1),
(228, 11, 'HURRICANE  D/DISK', 'MTB', 'HOT RED', '24', 1);

-- --------------------------------------------------------

--
-- Table structure for table `master_segment`
--

CREATE TABLE IF NOT EXISTS `master_segment` (
  `SegmentID` int(11) NOT NULL AUTO_INCREMENT,
  `SegmentName` varchar(100) DEFAULT NULL,
  `Active` int(11) DEFAULT '1',
  PRIMARY KEY (`SegmentID`)
) ENGINE=MyISAM  DEFAULT CHARSET=latin1 AUTO_INCREMENT=13 ;

--
-- Dumping data for table `master_segment`
--

INSERT INTO `master_segment` (`SegmentID`, `SegmentName`, `Active`) VALUES
(1, 'MTB', 1),
(2, 'LADY', 1),
(11, 'TRICYCLE', 1),
(4, 'HYBRID', 1),
(5, 'ROAD BIKE', 1),
(12, 'MAGIC CAR', 1),
(8, 'KIDS', 1);

-- --------------------------------------------------------

--
-- Table structure for table `master_size`
--

CREATE TABLE IF NOT EXISTS `master_size` (
  `SizeID` int(11) NOT NULL AUTO_INCREMENT,
  `SizeName` varchar(100) DEFAULT NULL,
  `Active` int(11) DEFAULT '1',
  PRIMARY KEY (`SizeID`)
) ENGINE=MyISAM  DEFAULT CHARSET=latin1 AUTO_INCREMENT=23 ;

--
-- Dumping data for table `master_size`
--

INSERT INTO `master_size` (`SizeID`, `SizeName`, `Active`) VALUES
(2, '12"', 1),
(4, '14"', 1),
(5, '16"', 1),
(7, '20"', 1),
(10, '24"', 1),
(22, 'TOY', 1),
(14, '26"', 1),
(15, '27.5', 1),
(16, '700 C', 1),
(18, 'LARGE', 1),
(19, 'MEDIUM', 1),
(20, 'SMALL', 1);

-- --------------------------------------------------------

--
-- Table structure for table `master_spare_products`
--

CREATE TABLE IF NOT EXISTS `master_spare_products` (
  `SpareProductID` int(11) NOT NULL AUTO_INCREMENT,
  `CompanyID` int(11) DEFAULT NULL,
  `SpareItemName` varchar(100) DEFAULT NULL,
  `Active` int(11) DEFAULT '1',
  PRIMARY KEY (`SpareProductID`)
) ENGINE=InnoDB  DEFAULT CHARSET=latin1 AUTO_INCREMENT=86 ;

--
-- Dumping data for table `master_spare_products`
--

INSERT INTO `master_spare_products` (`SpareProductID`, `CompanyID`, `SpareItemName`, `Active`) VALUES
(1, 0, '', 1),
(2, 11, 'HELEMT G 20', 1),
(3, 11, 'TYRE 700 * 32C (MAXXIS) ', 1),
(4, 11, 'TUBE 700 * 35-45 C (MAXXIS)', 1),
(5, 11, 'BICYCLE STAND REPAIR', 1),
(6, 11, 'BICYCLE ACCESSORY GLOVES TOTEM', 1),
(8, 11, 'KNEE GUARD', 1),
(9, 11, 'BICYCLE LOCK', 1),
(10, 0, 'BICYCLE CAR RACK', 1),
(11, 11, 'BICYCLE LIGHT', 1),
(12, 11, 'BICYCLE STAND WALL HANGING SINGLE', 1),
(13, 11, 'BICYCLE STAND WALL HANGING DOUBLE - 02', 1),
(14, 11, 'CHAIN WHEEL SET TCWC 28/38/48 T', 1),
(15, 11, 'TYRE 700 *23 C MAXXIS FOLDABLE', 1),
(16, 11, 'TUBE 700 * 18-25 C MAXXIS', 1),
(17, 11, 'TYRE 700 * 35 C KENDA', 1),
(18, 11, 'TYRE 700 * 32C (KENDA)', 1),
(19, 11, 'KNEE GUARD PVC ADULT (POLLISPORT)', 1),
(20, 11, 'LOCK LC 005 ', 1),
(22, 11, 'KNEE GUARD PVC JUNIOR  (POLLISPORT)', 1),
(23, 11, 'CAR RACK STEEL', 1),
(24, 11, 'LIGHT XC 606 T', 1),
(25, 11, 'LIGHT XC 735 A', 1),
(26, 11, 'LIGHT XC 767 F', 1),
(27, 11, 'LIGHT XC 998 W', 1),
(28, 11, 'LIGHT HL 112 W', 1),
(29, 11, 'LIGHT HL 105 W', 1),
(30, 11, 'TOP TUBE BAG TOTEM', 1),
(31, 11, 'MOBILE HOLDER I PHONE 5 ', 1),
(32, 11, 'MOBILE HOLDER I PHONE 6', 1),
(33, 11, 'CHAIN GUARD 4/5 HOLE ', 1),
(34, 11, 'FREE WHEEL GUARD PVC ', 1),
(35, 11, 'KICK STAND 24-28" (616-11)', 1),
(36, 11, 'SIDE STAND 24 - 29 ALLOY BLACK SILVER', 1),
(37, 11, 'SIDE STAND 24 - 29 ALLOY BLACK ', 1),
(38, 11, 'SIDE STAND 20" MTB BLACK', 1),
(39, 11, 'LIGHT XC-106 R', 1),
(40, 11, 'LIGHT XC 700 A', 1),
(41, 11, 'CARRIER SILVER ALLOY', 1),
(42, 11, 'BICYCLE PARKING STAND FRONT ', 1),
(43, 11, 'SIDE KICK STAND  ADJUSTABLE  (616-10)', 1),
(44, 11, 'CHAIN 1/2*3/32*116 LINKS', 1),
(45, 11, 'CHAIN 1/2 * 3/32 * 116 LINKS (P-7002)', 1),
(46, 11, 'CHAIN 1/2 * 3/32 * 116 LINKS (P-8002)', 1),
(47, 11, 'DERAILER REAR 7 SPEED SC INDEX', 1),
(48, 11, 'V BRAKES FITTING SET', 1),
(49, 11, 'V BRAKE BAND PIPE ONLY', 1),
(51, 11, 'FORK FITTING R TYPE SET OF 8', 1),
(52, 11, 'FORK FITTING (THREAD LESS FORK)', 1),
(53, 11, 'SHOCK ALLOY 165 MM ', 1),
(54, 11, 'FRAME BUSH SET COMPLETE SHOCKER', 1),
(55, 11, 'SEAT QUICK RELEASE CLAMP 31.8 MM', 1),
(56, 11, 'HELEMT G 30', 1),
(57, 11, 'BOTTLE CAGE SILVER FINISH', 1),
(58, 11, 'BOTTLE CAGE PVC COLOURED', 1),
(59, 11, 'MUDUARD FITTING ONLY PVC', 1),
(60, 11, 'WATTER BOTTLE 500 ML PVC RALEIGH', 1),
(61, 11, 'WATER BOTTLE 700 ML POLISPORT', 1),
(62, 11, 'CHAIN WHEEL 44 T DOUBLE GUARD 1/8', 1),
(63, 11, 'FREE WHEEL FRICTION FREE 7 SPEED INDEX', 1),
(64, 11, 'V BRAKES SET ALLOY ', 1),
(65, 11, 'HANDLE STEEM ALLOY 31.8 MM', 1),
(66, 11, 'BRAKE SHOE ROAD BIKE', 1),
(67, 11, 'HANDLE GRIP BLACK G 327', 1),
(68, 11, 'HANDLE GRIP BLACK-N COLOURED', 1),
(69, 11, 'TUBE 27.5 * 190 / 2.125 KENDA', 1),
(70, 10, 'JERSEY XMR RIDE 9 SMALL/MEDIUM/LARGE/EXTRA LARGE', 1),
(71, 10, 'BAG HANDLE BAR MONTRA XMR - W', 1),
(72, 10, 'BAG SADDLE XMR SB 101 BLACK', 1),
(73, 10, 'BAG TOP TUBE MONTRA XMR TB 101', 1),
(74, 10, 'LIGHT FRONT XMR JY 246 - 3W STROBE 1.3', 1),
(75, 10, 'LIGHT REAR XMR JY 2LA STREAK 3.0', 1),
(76, 10, 'LIGHT REAR XMR JY 528 1 STREAK 2.0', 1),
(77, 10, 'LIGHT FRONT AND REAR XMR JY 3005 STARP', 1),
(78, 10, 'LIGHT REAR XMR JY 358 STREAK 5.0', 1),
(79, 10, 'LIGHT FRONT XMR JY 286 STROBE 5.0', 1),
(80, 10, 'LIGHT FRONT XMR JY 808 11 STRIKE 5.0', 1),
(81, 11, 'TYRE 700 * 32 C MAXXIS', 1),
(82, 11, 'TYRE 700 *35 C MAXXIS', 1),
(83, 11, 'TYRE 700 * 23 C KENDA', 1),
(84, 11, 'SIDE STAND 24" MTB BLACK', 1),
(85, 11, 'V BRAKES SET STEEL', 1);

-- --------------------------------------------------------

--
-- Table structure for table `master_supplier`
--

CREATE TABLE IF NOT EXISTS `master_supplier` (
  `SupplierID` int(11) NOT NULL AUTO_INCREMENT,
  `CompanyName` varchar(100) DEFAULT NULL,
  `CompanyAddress` text,
  `CompanyCity` varchar(100) DEFAULT NULL,
  `CompanyState` varchar(100) DEFAULT NULL,
  `CompanyPinCode` varchar(100) DEFAULT NULL,
  `OfficeNumber` varchar(100) DEFAULT NULL,
  `MobileNumber` varchar(100) DEFAULT NULL,
  `Email` varchar(100) DEFAULT NULL,
  `Website` varchar(100) DEFAULT NULL,
  `ContactPerson1` varchar(100) DEFAULT NULL,
  `ContactPerson2` varchar(100) DEFAULT NULL,
  `ContactPerson3` varchar(100) DEFAULT NULL,
  `Contact1` varchar(100) DEFAULT NULL,
  `Contact2` varchar(100) DEFAULT NULL,
  `Contact3` varchar(100) DEFAULT NULL,
  `AccountNumber` text,
  `AccountName` varchar(100) DEFAULT NULL,
  `BankName` varchar(100) DEFAULT NULL,
  `BankBranch` varchar(100) DEFAULT NULL,
  `BankCity` varchar(100) DEFAULT NULL,
  `IFSCCode` varchar(100) DEFAULT NULL,
  `TaxDetail` text,
  `TINNumber` varchar(100) DEFAULT NULL,
  `CSTNumber` varchar(100) DEFAULT NULL,
  `PANNumber` varchar(100) DEFAULT NULL,
  `Active` int(11) DEFAULT '1',
  PRIMARY KEY (`SupplierID`)
) ENGINE=InnoDB  DEFAULT CHARSET=latin1 AUTO_INCREMENT=11 ;

--
-- Dumping data for table `master_supplier`
--

INSERT INTO `master_supplier` (`SupplierID`, `CompanyName`, `CompanyAddress`, `CompanyCity`, `CompanyState`, `CompanyPinCode`, `OfficeNumber`, `MobileNumber`, `Email`, `Website`, `ContactPerson1`, `ContactPerson2`, `ContactPerson3`, `Contact1`, `Contact2`, `Contact3`, `AccountNumber`, `AccountName`, `BankName`, `BankBranch`, `BankCity`, `IFSCCode`, `TaxDetail`, `TINNumber`, `CSTNumber`, `PANNumber`, `Active`) VALUES
(4, 'BPM CYCLE STORE', 'STATION ROAD', 'AMRELI', 'GUJARAT', '365601', '02792-222561', '94272 06272', 'bpmcycle@yahoo.co.in', '', 'BHIKHUBHAI', 'PRATIKBHAI', 'MANUBHAI', '94272 06272', '99041 45033', '98250 47051', '0595232000808', 'BPM CYCLE STORE', 'HDFC BANK', '', '', 'HDFC0000595', '', '24130100237', '24601000237', '', 1),
(5, 'BPM CYCLE AGENCY', 'STATION ROAD', 'AMRELI', 'GUJARAT', '365601', '02792 22561', '9427206272', 'bpmcycle@yahoo.co.in', '', 'BHIKHUBHAI', 'PRATIKBHAI', 'MANUBHAI', '94272 06272', '99041 45033', '98250 47051', '0595232000790', 'BPM CYCLE AGENCY', 'HDFC BANK', '', 'AMRELI', '', '', '24130200094', '24630200094', '', 1),
(6, 'SUNRAJ ENTERPRISE', 'SORATHIYA WADI CIRCLE , STREE NO. 5 ', 'RAJKOT', 'GUJRAT', '360002', '', '98255 47350', 'sunrajenterprisegujarat@gmail.com', 'www.sunrajcycle.com', 'DHARMESHBHAI', 'AMITBHAI', '', '98255 47350', '98797 79878', '', '50200008158851', 'SUNRAJ ENTERPRISE', 'HDFC BANK', 'BHAKTI NAGAR', 'RAJKOT', 'HDFC0000661', '', '24091002307', '24591002307', '', 1),
(7, 'B.P.M. CYCLE STORE', 'STATION ROAD AMRELI', 'AMRELI', 'GUJARAT', '365601', '02792222561', '9825547350', 'info@bpmcycle.in', 'www.bpmcycle.in', 'DHARMESH TANK', '', '', '9825547350', '', '', '0595232000808', 'B.P.M. CYCLE STORE', 'HDFC BANK', 'AMRELI', 'AMRELI', 'HDFC0000595', '', '24130100237', '24630100237', 'BFIPK0946A', 1),
(8, 'NANDI MARKETING', 'KRISHNA INDUSTRIAL PARK', 'MUMBAI', 'MAHARASTRA', '421302', '02226262627', '09821197100', 'nandimarketingmumbai@gmail,.com', 'www.nandimarketing.com', 'NANDLAL', '', '', '09821197100', '', '', '650014028976', 'NANDI MARKETING', 'INDUSIND BANK', 'MULUND (W)', 'MUMBAI', 'INDB0000047', '', '24090704797', '24590704797', 'BFIPK0946A', 1),
(9, 'NAREN INTERNATIONAL', 'E-775, PHASE 7, FOCAL POINT', 'LUDHIANA', 'PUNJAB', '141010', '0161-2673778/2674778', '09855755500', 'info@suncrossbikes.com', 'www.suncrossbikes.com', 'DHILLON', 'VEERSINGH', '', '', '', '', '042010200026266', 'NAREN INTERNATIONAL', 'AXIS BANK', '', 'LUDHIANA', 'UTIB0000042', '', '03651112140', '47263416', '', 1),
(10, 'URBAN TRAIL CYCLE LTD.', 'C/O HERO CYCLE LTD, HERO NAGAR G.T. ROAD', 'LUDHIANA', 'PUNJAB', '141003', '', '', 'sales@heromotors.com', 'utbikes.com', 'ANUP SAHA', '', '', '09250233013', '', '', '6111214459', 'URBAN TRAIL CYCLES LIMITED', 'KOTAK MAHINDRA BANK', '', '', 'KKBK0000201', '', '03052109921', 'U35920PB1988PLC008589', '', 1);

-- --------------------------------------------------------

--
-- Table structure for table `master_tax`
--

CREATE TABLE IF NOT EXISTS `master_tax` (
  `TaxID` int(11) NOT NULL AUTO_INCREMENT,
  `TaxName` varchar(100) DEFAULT NULL,
  `TaxPer` int(11) DEFAULT NULL,
  `Active` int(11) DEFAULT '1',
  PRIMARY KEY (`TaxID`)
) ENGINE=InnoDB  DEFAULT CHARSET=latin1 AUTO_INCREMENT=12 ;

--
-- Dumping data for table `master_tax`
--

INSERT INTO `master_tax` (`TaxID`, `TaxName`, `TaxPer`, `Active`) VALUES
(5, 'VAT', 4, 1),
(7, 'ADD. TAX', 1, 1),
(8, 'CST (2)', 2, 1),
(10, 'CST (1)', 1, 1),
(11, 'TAX FREE', 0, 1);

-- --------------------------------------------------------

--
-- Table structure for table `master_type`
--

CREATE TABLE IF NOT EXISTS `master_type` (
  `TypeID` int(11) NOT NULL AUTO_INCREMENT,
  `TypeName` varchar(100) DEFAULT NULL,
  `Active` int(11) DEFAULT '1',
  PRIMARY KEY (`TypeID`)
) ENGINE=InnoDB  DEFAULT CHARSET=latin1 AUTO_INCREMENT=3 ;

--
-- Dumping data for table `master_type`
--

INSERT INTO `master_type` (`TypeID`, `TypeName`, `Active`) VALUES
(1, 'Retail', 1),
(2, 'Wholesale', 1);

-- --------------------------------------------------------

--
-- Table structure for table `profile`
--

CREATE TABLE IF NOT EXISTS `profile` (
  `ProfileID` int(11) NOT NULL AUTO_INCREMENT,
  `ComapnyName` varchar(100) DEFAULT NULL,
  `Address` text,
  `City` varchar(100) DEFAULT NULL,
  `Pincode` varchar(100) DEFAULT NULL,
  `State` varchar(100) DEFAULT NULL,
  `Mobile` varchar(100) DEFAULT NULL,
  `Website` varchar(100) DEFAULT NULL,
  `Email` varchar(100) DEFAULT NULL,
  `OfficeNo` varchar(100) DEFAULT NULL,
  `CustomerCareNo` varchar(100) DEFAULT NULL,
  `ServiceNo` varchar(100) DEFAULT NULL,
  `TINNo` varchar(100) DEFAULT NULL,
  `CSTNo` varchar(100) DEFAULT NULL,
  `AccountName` varchar(100) DEFAULT NULL,
  `AccountNo` varchar(100) DEFAULT NULL,
  `BankName` varchar(100) DEFAULT NULL,
  `BranchArea` varchar(100) DEFAULT NULL,
  `BankCity` varchar(100) DEFAULT NULL,
  `IFSCCode` varchar(100) DEFAULT NULL,
  `Logo` varchar(100) DEFAULT NULL,
  `Active` int(11) DEFAULT '1',
  PRIMARY KEY (`ProfileID`)
) ENGINE=InnoDB  DEFAULT CHARSET=latin1 AUTO_INCREMENT=2 ;

--
-- Dumping data for table `profile`
--

INSERT INTO `profile` (`ProfileID`, `ComapnyName`, `Address`, `City`, `Pincode`, `State`, `Mobile`, `Website`, `Email`, `OfficeNo`, `CustomerCareNo`, `ServiceNo`, `TINNo`, `CSTNo`, `AccountName`, `AccountNo`, `BankName`, `BranchArea`, `BankCity`, `IFSCCode`, `Logo`, `Active`) VALUES
(1, 'CYCLEZONE', 'ACCURATE SQUARE , NR. ATUL MOTORS , TAGORE ROAD - 360002', 'RAJKOT', '360002', 'GUJRAT', '9979707021', 'www.cyclezone.in', 'info@cyclezone.in', '125', '9979707021', '9727573207', '24090704797', '24590704797', 'CYCLE ZONE', '986563232112656', 'IDBI BANK LTD.', 'Siddhnath road', 'Vadodara', 'NDKD54654', '10170120151022RRBE_LOGO_LOW_VERSION.jpg', 1);

/*!40101 SET CHARACTER_SET_CLIENT=@OLD_CHARACTER_SET_CLIENT */;
/*!40101 SET CHARACTER_SET_RESULTS=@OLD_CHARACTER_SET_RESULTS */;
/*!40101 SET COLLATION_CONNECTION=@OLD_COLLATION_CONNECTION */;
